requirement_id,module,screen,kind,roles,source,source_status,implementation
SCR-REG-001,C.1 Registration,Front Desk Home / Appointment Worklist,worklist,Front Desk,CCA_Oncology_HIS_EMR_PRD_Part3_C-registration-to-investigations.md,Supplied PRD source,Executable PC4 schema + API + role-scoped UI + persistence/version lifecycle
FIN-001,C.1 Registration,Front Desk Home / Appointment Worklist,named product/safety rule,Front Desk,CCA_Oncology_HIS_EMR_PRD_Part3_C-registration-to-investigations.md,Supplied PRD source,Attached to owning executable screen; source text visible in PRD viewer; enforced by generic lifecycle/RBAC and specific guards where machine-checkable
REG-FD-040,C.1 Registration,Front Desk Home / Appointment Worklist,named product/safety rule,Front Desk,CCA_Oncology_HIS_EMR_PRD_Part3_C-registration-to-investigations.md,Supplied PRD source,Attached to owning executable screen; source text visible in PRD viewer; enforced by generic lifecycle/RBAC and specific guards where machine-checkable
SCR-REG-002,C.1 Registration,New Patient Registration,form,Front Desk | Health Information Management,CCA_Oncology_HIS_EMR_PRD_Part3_C-registration-to-investigations.md,Supplied PRD source,Executable PC4 schema + API + role-scoped UI + persistence/version lifecycle
FIN-001,C.1 Registration,New Patient Registration,named product/safety rule,Front Desk | Health Information Management,CCA_Oncology_HIS_EMR_PRD_Part3_C-registration-to-investigations.md,Supplied PRD source,Attached to owning executable screen; source text visible in PRD viewer; enforced by generic lifecycle/RBAC and specific guards where machine-checkable
NAV-001,C.1 Registration,New Patient Registration,named product/safety rule,Front Desk | Health Information Management,CCA_Oncology_HIS_EMR_PRD_Part3_C-registration-to-investigations.md,Supplied PRD source,Attached to owning executable screen; source text visible in PRD viewer; enforced by generic lifecycle/RBAC and specific guards where machine-checkable
REG-FD-050,C.1 Registration,New Patient Registration,named product/safety rule,Front Desk | Health Information Management,CCA_Oncology_HIS_EMR_PRD_Part3_C-registration-to-investigations.md,Supplied PRD source,Attached to owning executable screen; source text visible in PRD viewer; enforced by generic lifecycle/RBAC and specific guards where machine-checkable
REG-FD-070,C.1 Registration,New Patient Registration,named product/safety rule,Front Desk | Health Information Management,CCA_Oncology_HIS_EMR_PRD_Part3_C-registration-to-investigations.md,Supplied PRD source,Attached to owning executable screen; source text visible in PRD viewer; enforced by generic lifecycle/RBAC and specific guards where machine-checkable
SCR-REG-003,C.1 Registration,Duplicate Resolution,form,Front Desk | Health Information Management,CCA_Oncology_HIS_EMR_PRD_Part3_C-registration-to-investigations.md,Supplied PRD source,Executable PC4 schema + API + role-scoped UI + persistence/version lifecycle
REG-FD-080,C.1 Registration,Duplicate Resolution,named product/safety rule,Front Desk | Health Information Management,CCA_Oncology_HIS_EMR_PRD_Part3_C-registration-to-investigations.md,Supplied PRD source,Attached to owning executable screen; source text visible in PRD viewer; enforced by generic lifecycle/RBAC and specific guards where machine-checkable
SCR-REG-004,C.1 Registration,Patient Administrative Profile,form,Front Desk | Health Information Management,CCA_Oncology_HIS_EMR_PRD_Part3_C-registration-to-investigations.md,Supplied PRD source,Executable PC4 schema + API + role-scoped UI + persistence/version lifecycle
REG-FD-090,C.1 Registration,Patient Administrative Profile,named product/safety rule,Front Desk | Health Information Management,CCA_Oncology_HIS_EMR_PRD_Part3_C-registration-to-investigations.md,Supplied PRD source,Attached to owning executable screen; source text visible in PRD viewer; enforced by generic lifecycle/RBAC and specific guards where machine-checkable
SCR-REG-005,C.1 Registration,Scheduling Calendar & Booking,worklist,Front Desk | Radiology Coordinator | MDT Chair | Day Care / Infusion Nurse,CCA_Oncology_HIS_EMR_PRD_Part3_C-registration-to-investigations.md,Supplied PRD source,Executable PC4 schema + API + role-scoped UI + persistence/version lifecycle
REG-FD-100,C.1 Registration,Scheduling Calendar & Booking,named product/safety rule,Front Desk | Radiology Coordinator | MDT Chair | Day Care / Infusion Nurse,CCA_Oncology_HIS_EMR_PRD_Part3_C-registration-to-investigations.md,Supplied PRD source,Attached to owning executable screen; source text visible in PRD viewer; enforced by generic lifecycle/RBAC and specific guards where machine-checkable
SCR-REG-006,C.1 Registration,Check-in,form,Front Desk,CCA_Oncology_HIS_EMR_PRD_Part3_C-registration-to-investigations.md,Supplied PRD source,Executable PC4 schema + API + role-scoped UI + persistence/version lifecycle
SCR-REG-007,C.1 Registration,Live Queue Board,worklist,Front Desk,CCA_Oncology_HIS_EMR_PRD_Part3_C-registration-to-investigations.md,Supplied PRD source,Executable PC4 schema + API + role-scoped UI + persistence/version lifecycle
REG-FD-110,C.1 Registration,Live Queue Board,named product/safety rule,Front Desk,CCA_Oncology_HIS_EMR_PRD_Part3_C-registration-to-investigations.md,Supplied PRD source,Attached to owning executable screen; source text visible in PRD viewer; enforced by generic lifecycle/RBAC and specific guards where machine-checkable
SCR-REG-008,C.1 Registration,Document Capture,form,Front Desk,CCA_Oncology_HIS_EMR_PRD_Part3_C-registration-to-investigations.md,Supplied PRD source,Executable PC4 schema + API + role-scoped UI + persistence/version lifecycle
RAD-040,C.1 Registration,Document Capture,named product/safety rule,Front Desk,CCA_Oncology_HIS_EMR_PRD_Part3_C-registration-to-investigations.md,Supplied PRD source,Attached to owning executable screen; source text visible in PRD viewer; enforced by generic lifecycle/RBAC and specific guards where machine-checkable
SCR-REG-009,C.1 Registration,Check-out & Next Appointment,form,Front Desk,CCA_Oncology_HIS_EMR_PRD_Part3_C-registration-to-investigations.md,Supplied PRD source,Executable PC4 schema + API + role-scoped UI + persistence/version lifecycle
REG-FD-120,C.1 Registration,Check-out & Next Appointment,named product/safety rule,Front Desk,CCA_Oncology_HIS_EMR_PRD_Part3_C-registration-to-investigations.md,Supplied PRD source,Attached to owning executable screen; source text visible in PRD viewer; enforced by generic lifecycle/RBAC and specific guards where machine-checkable
SCR-INT-001,C.2 Intake,Intake Worklist,worklist,Intake Nurse,CCA_Oncology_HIS_EMR_PRD_Part3_C-registration-to-investigations.md,Supplied PRD source,Executable PC4 schema + API + role-scoped UI + persistence/version lifecycle
SCR-INT-002,C.2 Intake,Intake Assessment (master screen),form,Intake Nurse | Day Care / Infusion Nurse | Inpatient Oncology Nurse,CCA_Oncology_HIS_EMR_PRD_Part3_C-registration-to-investigations.md,Supplied PRD source,Executable PC4 schema + API + role-scoped UI + persistence/version lifecycle
INT-NUR-100,C.2 Intake,Intake Assessment (master screen),named product/safety rule,Intake Nurse | Day Care / Infusion Nurse | Inpatient Oncology Nurse,CCA_Oncology_HIS_EMR_PRD_Part3_C-registration-to-investigations.md,Supplied PRD source,Attached to owning executable screen; source text visible in PRD viewer; enforced by generic lifecycle/RBAC and specific guards where machine-checkable
INT-NUR-111,C.2 Intake,Intake Assessment (master screen),named product/safety rule,Intake Nurse | Day Care / Infusion Nurse | Inpatient Oncology Nurse,CCA_Oncology_HIS_EMR_PRD_Part3_C-registration-to-investigations.md,Supplied PRD source,Attached to owning executable screen; source text visible in PRD viewer; enforced by generic lifecycle/RBAC and specific guards where machine-checkable
INT-NUR-132,C.2 Intake,Intake Assessment (master screen),named product/safety rule,Intake Nurse | Day Care / Infusion Nurse | Inpatient Oncology Nurse,CCA_Oncology_HIS_EMR_PRD_Part3_C-registration-to-investigations.md,Supplied PRD source,Attached to owning executable screen; source text visible in PRD viewer; enforced by generic lifecycle/RBAC and specific guards where machine-checkable
INT-NUR-204,C.2 Intake,Intake Assessment (master screen),named product/safety rule,Intake Nurse | Day Care / Infusion Nurse | Inpatient Oncology Nurse,CCA_Oncology_HIS_EMR_PRD_Part3_C-registration-to-investigations.md,Supplied PRD source,Attached to owning executable screen; source text visible in PRD viewer; enforced by generic lifecycle/RBAC and specific guards where machine-checkable
INT-NUR-395,C.2 Intake,Intake Assessment (master screen),named product/safety rule,Intake Nurse | Day Care / Infusion Nurse | Inpatient Oncology Nurse,CCA_Oncology_HIS_EMR_PRD_Part3_C-registration-to-investigations.md,Supplied PRD source,Attached to owning executable screen; source text visible in PRD viewer; enforced by generic lifecycle/RBAC and specific guards where machine-checkable
INT-NUR-400,C.2 Intake,Intake Assessment (master screen),named product/safety rule,Intake Nurse | Day Care / Infusion Nurse | Inpatient Oncology Nurse,CCA_Oncology_HIS_EMR_PRD_Part3_C-registration-to-investigations.md,Supplied PRD source,Attached to owning executable screen; source text visible in PRD viewer; enforced by generic lifecycle/RBAC and specific guards where machine-checkable
INT-NUR-401,C.2 Intake,Intake Assessment (master screen),named product/safety rule,Intake Nurse | Day Care / Infusion Nurse | Inpatient Oncology Nurse,CCA_Oncology_HIS_EMR_PRD_Part3_C-registration-to-investigations.md,Supplied PRD source,Attached to owning executable screen; source text visible in PRD viewer; enforced by generic lifecycle/RBAC and specific guards where machine-checkable
SCR-INT-003,C.2 Intake,Vitals Quick-Entry,form,Intake Nurse,CCA_Oncology_HIS_EMR_PRD_Part3_C-registration-to-investigations.md,Supplied PRD source,Executable PC4 schema + API + role-scoped UI + persistence/version lifecycle
INT-NUR-200,C.2 Intake,Vitals Quick-Entry,named product/safety rule,Intake Nurse,CCA_Oncology_HIS_EMR_PRD_Part3_C-registration-to-investigations.md,Supplied PRD source,Attached to owning executable screen; source text visible in PRD viewer; enforced by generic lifecycle/RBAC and specific guards where machine-checkable
MAR-030,C.2 Intake,Vitals Quick-Entry,named product/safety rule,Intake Nurse,CCA_Oncology_HIS_EMR_PRD_Part3_C-registration-to-investigations.md,Supplied PRD source,Attached to owning executable screen; source text visible in PRD viewer; enforced by generic lifecycle/RBAC and specific guards where machine-checkable
SCR-INT-004,C.2 Intake,Allergy & Adverse Reaction Management,form,Intake Nurse,CCA_Oncology_HIS_EMR_PRD_Part3_C-registration-to-investigations.md,Supplied PRD source,Executable PC4 schema + API + role-scoped UI + persistence/version lifecycle
INT-NUR-410,C.2 Intake,Allergy & Adverse Reaction Management,named product/safety rule,Intake Nurse,CCA_Oncology_HIS_EMR_PRD_Part3_C-registration-to-investigations.md,Supplied PRD source,Attached to owning executable screen; source text visible in PRD viewer; enforced by generic lifecycle/RBAC and specific guards where machine-checkable
SCR-INT-005,C.2 Intake,Medication Reconciliation,form,Intake Nurse,CCA_Oncology_HIS_EMR_PRD_Part3_C-registration-to-investigations.md,Supplied PRD source,Executable PC4 schema + API + role-scoped UI + persistence/version lifecycle
INT-NUR-420,C.2 Intake,Medication Reconciliation,named product/safety rule,Intake Nurse,CCA_Oncology_HIS_EMR_PRD_Part3_C-registration-to-investigations.md,Supplied PRD source,Attached to owning executable screen; source text visible in PRD viewer; enforced by generic lifecycle/RBAC and specific guards where machine-checkable
SCR-INT-006,C.2 Intake,Screening Instruments,form,Intake Nurse,CCA_Oncology_HIS_EMR_PRD_Part3_C-registration-to-investigations.md,Supplied PRD source,Executable PC4 schema + API + role-scoped UI + persistence/version lifecycle
INT-NUR-430,C.2 Intake,Screening Instruments,named product/safety rule,Intake Nurse,CCA_Oncology_HIS_EMR_PRD_Part3_C-registration-to-investigations.md,Supplied PRD source,Attached to owning executable screen; source text visible in PRD viewer; enforced by generic lifecycle/RBAC and specific guards where machine-checkable
SCR-INT-007,C.2 Intake,Vascular Access Assessment,form,Intake Nurse,CCA_Oncology_HIS_EMR_PRD_Part3_C-registration-to-investigations.md,Supplied PRD source,Executable PC4 schema + API + role-scoped UI + persistence/version lifecycle
MAR-040,C.2 Intake,Vascular Access Assessment,named product/safety rule,Intake Nurse,CCA_Oncology_HIS_EMR_PRD_Part3_C-registration-to-investigations.md,Supplied PRD source,Attached to owning executable screen; source text visible in PRD viewer; enforced by generic lifecycle/RBAC and specific guards where machine-checkable
SCR-INT-008,C.2 Intake,Intake Escalation,form,Intake Nurse,CCA_Oncology_HIS_EMR_PRD_Part3_C-registration-to-investigations.md,Supplied PRD source,Executable PC4 schema + API + role-scoped UI + persistence/version lifecycle
SCR-NAV-001,C.3 Nurse Navigation,Navigator Panel / Pathway Board,worklist,Nurse Navigator,CCA_Oncology_HIS_EMR_PRD_Part3_C-registration-to-investigations.md,Supplied PRD source,Executable PC4 schema + API + role-scoped UI + persistence/version lifecycle
NAV-001,C.3 Nurse Navigation,Navigator Panel / Pathway Board,named product/safety rule,Nurse Navigator,CCA_Oncology_HIS_EMR_PRD_Part3_C-registration-to-investigations.md,Supplied PRD source,Attached to owning executable screen; source text visible in PRD viewer; enforced by generic lifecycle/RBAC and specific guards where machine-checkable
NAV-020,C.3 Nurse Navigation,Navigator Panel / Pathway Board,named product/safety rule,Nurse Navigator,CCA_Oncology_HIS_EMR_PRD_Part3_C-registration-to-investigations.md,Supplied PRD source,Attached to owning executable screen; source text visible in PRD viewer; enforced by generic lifecycle/RBAC and specific guards where machine-checkable
SCR-NAV-002,C.3 Nurse Navigation,Patient Pathway Detail,form,Nurse Navigator,CCA_Oncology_HIS_EMR_PRD_Part3_C-registration-to-investigations.md,Supplied PRD source,Executable PC4 schema + API + role-scoped UI + persistence/version lifecycle
NAV-002,C.3 Nurse Navigation,Patient Pathway Detail,named product/safety rule,Nurse Navigator,CCA_Oncology_HIS_EMR_PRD_Part3_C-registration-to-investigations.md,Supplied PRD source,Attached to owning executable screen; source text visible in PRD viewer; enforced by generic lifecycle/RBAC and specific guards where machine-checkable
NAV-030,C.3 Nurse Navigation,Patient Pathway Detail,named product/safety rule,Nurse Navigator,CCA_Oncology_HIS_EMR_PRD_Part3_C-registration-to-investigations.md,Supplied PRD source,Attached to owning executable screen; source text visible in PRD viewer; enforced by generic lifecycle/RBAC and specific guards where machine-checkable
SCR-NAV-003,C.3 Nurse Navigation,Barrier Register,worklist,Nurse Navigator,CCA_Oncology_HIS_EMR_PRD_Part3_C-registration-to-investigations.md,Supplied PRD source,Executable PC4 schema + API + role-scoped UI + persistence/version lifecycle
NAV-003,C.3 Nurse Navigation,Barrier Register,named product/safety rule,Nurse Navigator,CCA_Oncology_HIS_EMR_PRD_Part3_C-registration-to-investigations.md,Supplied PRD source,Attached to owning executable screen; source text visible in PRD viewer; enforced by generic lifecycle/RBAC and specific guards where machine-checkable
NAV-110,C.3 Nurse Navigation,Barrier Register,named product/safety rule,Nurse Navigator,CCA_Oncology_HIS_EMR_PRD_Part3_C-registration-to-investigations.md,Supplied PRD source,Attached to owning executable screen; source text visible in PRD viewer; enforced by generic lifecycle/RBAC and specific guards where machine-checkable
SCR-NAV-004,C.3 Nurse Navigation,Contact Log,form,Nurse Navigator,CCA_Oncology_HIS_EMR_PRD_Part3_C-registration-to-investigations.md,Supplied PRD source,Executable PC4 schema + API + role-scoped UI + persistence/version lifecycle
NAV-004,C.3 Nurse Navigation,Contact Log,named product/safety rule,Nurse Navigator,CCA_Oncology_HIS_EMR_PRD_Part3_C-registration-to-investigations.md,Supplied PRD source,Attached to owning executable screen; source text visible in PRD viewer; enforced by generic lifecycle/RBAC and specific guards where machine-checkable
NAV-120,C.3 Nurse Navigation,Contact Log,named product/safety rule,Nurse Navigator,CCA_Oncology_HIS_EMR_PRD_Part3_C-registration-to-investigations.md,Supplied PRD source,Attached to owning executable screen; source text visible in PRD viewer; enforced by generic lifecycle/RBAC and specific guards where machine-checkable
SCR-NAV-005,C.3 Nurse Navigation,Education Delivery,form,Nurse Navigator,CCA_Oncology_HIS_EMR_PRD_Part3_C-registration-to-investigations.md,Supplied PRD source,Executable PC4 schema + API + role-scoped UI + persistence/version lifecycle
NAV-005,C.3 Nurse Navigation,Education Delivery,named product/safety rule,Nurse Navigator,CCA_Oncology_HIS_EMR_PRD_Part3_C-registration-to-investigations.md,Supplied PRD source,Attached to owning executable screen; source text visible in PRD viewer; enforced by generic lifecycle/RBAC and specific guards where machine-checkable
NAV-040,C.3 Nurse Navigation,Education Delivery,named product/safety rule,Nurse Navigator,CCA_Oncology_HIS_EMR_PRD_Part3_C-registration-to-investigations.md,Supplied PRD source,Attached to owning executable screen; source text visible in PRD viewer; enforced by generic lifecycle/RBAC and specific guards where machine-checkable
NAV-130,C.3 Nurse Navigation,Education Delivery,named product/safety rule,Nurse Navigator,CCA_Oncology_HIS_EMR_PRD_Part3_C-registration-to-investigations.md,Supplied PRD source,Attached to owning executable screen; source text visible in PRD viewer; enforced by generic lifecycle/RBAC and specific guards where machine-checkable
SCR-NAV-006,C.3 Nurse Navigation,Referral Tracking,form,Nurse Navigator,CCA_Oncology_HIS_EMR_PRD_Part3_C-registration-to-investigations.md,Supplied PRD source,Executable PC4 schema + API + role-scoped UI + persistence/version lifecycle
NAV-006,C.3 Nurse Navigation,Referral Tracking,named product/safety rule,Nurse Navigator,CCA_Oncology_HIS_EMR_PRD_Part3_C-registration-to-investigations.md,Supplied PRD source,Attached to owning executable screen; source text visible in PRD viewer; enforced by generic lifecycle/RBAC and specific guards where machine-checkable
NAV-140,C.3 Nurse Navigation,Referral Tracking,named product/safety rule,Nurse Navigator,CCA_Oncology_HIS_EMR_PRD_Part3_C-registration-to-investigations.md,Supplied PRD source,Attached to owning executable screen; source text visible in PRD viewer; enforced by generic lifecycle/RBAC and specific guards where machine-checkable
SCR-NAV-007,C.3 Nurse Navigation,Outstanding Results / Loop Closure,form,Nurse Navigator,CCA_Oncology_HIS_EMR_PRD_Part3_C-registration-to-investigations.md,Supplied PRD source,Executable PC4 schema + API + role-scoped UI + persistence/version lifecycle
NAV-007,C.3 Nurse Navigation,Outstanding Results / Loop Closure,named product/safety rule,Nurse Navigator,CCA_Oncology_HIS_EMR_PRD_Part3_C-registration-to-investigations.md,Supplied PRD source,Attached to owning executable screen; source text visible in PRD viewer; enforced by generic lifecycle/RBAC and specific guards where machine-checkable
NAV-010,C.3 Nurse Navigation,Outstanding Results / Loop Closure,named product/safety rule,Nurse Navigator,CCA_Oncology_HIS_EMR_PRD_Part3_C-registration-to-investigations.md,Supplied PRD source,Attached to owning executable screen; source text visible in PRD viewer; enforced by generic lifecycle/RBAC and specific guards where machine-checkable
SCR-MO-001,C.4 Medical Oncology,Medical Oncology Clinic Worklist,worklist,Medical Oncology,CCA_Oncology_HIS_EMR_PRD_Part3_C-registration-to-investigations.md,Supplied PRD source,Executable PC4 schema + API + role-scoped UI + persistence/version lifecycle
MO-001,C.4 Medical Oncology,Medical Oncology Clinic Worklist,named product/safety rule,Medical Oncology,CCA_Oncology_HIS_EMR_PRD_Part3_C-registration-to-investigations.md,Supplied PRD source,Attached to owning executable screen; source text visible in PRD viewer; enforced by generic lifecycle/RBAC and specific guards where machine-checkable
MO-002,C.4 Medical Oncology,Medical Oncology Clinic Worklist,named product/safety rule,Medical Oncology,CCA_Oncology_HIS_EMR_PRD_Part3_C-registration-to-investigations.md,Supplied PRD source,Attached to owning executable screen; source text visible in PRD viewer; enforced by generic lifecycle/RBAC and specific guards where machine-checkable
MO-003,C.4 Medical Oncology,Medical Oncology Clinic Worklist,named product/safety rule,Medical Oncology,CCA_Oncology_HIS_EMR_PRD_Part3_C-registration-to-investigations.md,Supplied PRD source,Attached to owning executable screen; source text visible in PRD viewer; enforced by generic lifecycle/RBAC and specific guards where machine-checkable
MO-004,C.4 Medical Oncology,Medical Oncology Clinic Worklist,named product/safety rule,Medical Oncology,CCA_Oncology_HIS_EMR_PRD_Part3_C-registration-to-investigations.md,Supplied PRD source,Attached to owning executable screen; source text visible in PRD viewer; enforced by generic lifecycle/RBAC and specific guards where machine-checkable
MO-CON-010,C.4 Medical Oncology,Medical Oncology Clinic Worklist,named product/safety rule,Medical Oncology,CCA_Oncology_HIS_EMR_PRD_Part3_C-registration-to-investigations.md,Supplied PRD source,Attached to owning executable screen; source text visible in PRD viewer; enforced by generic lifecycle/RBAC and specific guards where machine-checkable
SCR-MO-002,C.4 Medical Oncology,New Medical Oncology Consultation,form,Medical Oncology,CCA_Oncology_HIS_EMR_PRD_Part3_C-registration-to-investigations.md,Supplied PRD source,Executable PC4 schema + API + role-scoped UI + persistence/version lifecycle
MO-002,C.4 Medical Oncology,New Medical Oncology Consultation,named product/safety rule,Medical Oncology,CCA_Oncology_HIS_EMR_PRD_Part3_C-registration-to-investigations.md,Supplied PRD source,Attached to owning executable screen; source text visible in PRD viewer; enforced by generic lifecycle/RBAC and specific guards where machine-checkable
MO-CON-030,C.4 Medical Oncology,New Medical Oncology Consultation,named product/safety rule,Medical Oncology,CCA_Oncology_HIS_EMR_PRD_Part3_C-registration-to-investigations.md,Supplied PRD source,Attached to owning executable screen; source text visible in PRD viewer; enforced by generic lifecycle/RBAC and specific guards where machine-checkable
MO-CON-040,C.4 Medical Oncology,New Medical Oncology Consultation,named product/safety rule,Medical Oncology,CCA_Oncology_HIS_EMR_PRD_Part3_C-registration-to-investigations.md,Supplied PRD source,Attached to owning executable screen; source text visible in PRD viewer; enforced by generic lifecycle/RBAC and specific guards where machine-checkable
MO-CON-050,C.4 Medical Oncology,New Medical Oncology Consultation,named product/safety rule,Medical Oncology,CCA_Oncology_HIS_EMR_PRD_Part3_C-registration-to-investigations.md,Supplied PRD source,Attached to owning executable screen; source text visible in PRD viewer; enforced by generic lifecycle/RBAC and specific guards where machine-checkable
REG-FD-120,C.4 Medical Oncology,New Medical Oncology Consultation,named product/safety rule,Medical Oncology,CCA_Oncology_HIS_EMR_PRD_Part3_C-registration-to-investigations.md,Supplied PRD source,Attached to owning executable screen; source text visible in PRD viewer; enforced by generic lifecycle/RBAC and specific guards where machine-checkable
SCR-MO-003,C.4 Medical Oncology,Follow-up Oncology Consultation,form,Medical Oncology,CCA_Oncology_HIS_EMR_PRD_Part3_C-registration-to-investigations.md,Supplied PRD source,Executable PC4 schema + API + role-scoped UI + persistence/version lifecycle
MO-002,C.4 Medical Oncology,Follow-up Oncology Consultation,named product/safety rule,Medical Oncology,CCA_Oncology_HIS_EMR_PRD_Part3_C-registration-to-investigations.md,Supplied PRD source,Attached to owning executable screen; source text visible in PRD viewer; enforced by generic lifecycle/RBAC and specific guards where machine-checkable
MO-003,C.4 Medical Oncology,Follow-up Oncology Consultation,named product/safety rule,Medical Oncology,CCA_Oncology_HIS_EMR_PRD_Part3_C-registration-to-investigations.md,Supplied PRD source,Attached to owning executable screen; source text visible in PRD viewer; enforced by generic lifecycle/RBAC and specific guards where machine-checkable
MO-CON-060,C.4 Medical Oncology,Follow-up Oncology Consultation,named product/safety rule,Medical Oncology,CCA_Oncology_HIS_EMR_PRD_Part3_C-registration-to-investigations.md,Supplied PRD source,Attached to owning executable screen; source text visible in PRD viewer; enforced by generic lifecycle/RBAC and specific guards where machine-checkable
RSP-001,C.4 Medical Oncology,Follow-up Oncology Consultation,named product/safety rule,Medical Oncology,CCA_Oncology_HIS_EMR_PRD_Part3_C-registration-to-investigations.md,Supplied PRD source,Attached to owning executable screen; source text visible in PRD viewer; enforced by generic lifecycle/RBAC and specific guards where machine-checkable
SCR-MO-004,C.4 Medical Oncology,Results Inbox & Result Review,worklist,Medical Oncology,CCA_Oncology_HIS_EMR_PRD_Part3_C-registration-to-investigations.md,Supplied PRD source,Executable PC4 schema + API + role-scoped UI + persistence/version lifecycle
MO-004,C.4 Medical Oncology,Results Inbox & Result Review,named product/safety rule,Medical Oncology,CCA_Oncology_HIS_EMR_PRD_Part3_C-registration-to-investigations.md,Supplied PRD source,Attached to owning executable screen; source text visible in PRD viewer; enforced by generic lifecycle/RBAC and specific guards where machine-checkable
MO-INV-010,C.4 Medical Oncology,Results Inbox & Result Review,named product/safety rule,Medical Oncology,CCA_Oncology_HIS_EMR_PRD_Part3_C-registration-to-investigations.md,Supplied PRD source,Attached to owning executable screen; source text visible in PRD viewer; enforced by generic lifecycle/RBAC and specific guards where machine-checkable
SCR-DX-001,C.5 Diagnosis & Staging,Cancer Episode,form,Medical Oncology | Radiation Oncology | Surgical Oncology,CCA_Oncology_HIS_EMR_PRD_Part3_C-registration-to-investigations.md,Supplied PRD source,Executable PC4 schema + API + role-scoped UI + persistence/version lifecycle
MO-DX-020,C.5 Diagnosis & Staging,Cancer Episode,named product/safety rule,Medical Oncology | Radiation Oncology | Surgical Oncology,CCA_Oncology_HIS_EMR_PRD_Part3_C-registration-to-investigations.md,Supplied PRD source,Attached to owning executable screen; source text visible in PRD viewer; enforced by generic lifecycle/RBAC and specific guards where machine-checkable
SCR-DX-002,C.5 Diagnosis & Staging,Staging,form,Medical Oncology | Radiation Oncology | Surgical Oncology,CCA_Oncology_HIS_EMR_PRD_Part3_C-registration-to-investigations.md,Supplied PRD source,Executable PC4 schema + API + role-scoped UI + persistence/version lifecycle
MO-DX-030,C.5 Diagnosis & Staging,Staging,named product/safety rule,Medical Oncology | Radiation Oncology | Surgical Oncology,CCA_Oncology_HIS_EMR_PRD_Part3_C-registration-to-investigations.md,Supplied PRD source,Attached to owning executable screen; source text visible in PRD viewer; enforced by generic lifecycle/RBAC and specific guards where machine-checkable
MO-DX-031,C.5 Diagnosis & Staging,Staging,named product/safety rule,Medical Oncology | Radiation Oncology | Surgical Oncology,CCA_Oncology_HIS_EMR_PRD_Part3_C-registration-to-investigations.md,Supplied PRD source,Attached to owning executable screen; source text visible in PRD viewer; enforced by generic lifecycle/RBAC and specific guards where machine-checkable
SCR-DX-003,C.5 Diagnosis & Staging,Biomarker Panel,form,Medical Oncology | Radiation Oncology | Surgical Oncology,CCA_Oncology_HIS_EMR_PRD_Part3_C-registration-to-investigations.md,Supplied PRD source,Executable PC4 schema + API + role-scoped UI + persistence/version lifecycle
MO-DX-010,C.5 Diagnosis & Staging,Biomarker Panel,named product/safety rule,Medical Oncology | Radiation Oncology | Surgical Oncology,CCA_Oncology_HIS_EMR_PRD_Part3_C-registration-to-investigations.md,Supplied PRD source,Attached to owning executable screen; source text visible in PRD viewer; enforced by generic lifecycle/RBAC and specific guards where machine-checkable
MO-DX-040,C.5 Diagnosis & Staging,Biomarker Panel,named product/safety rule,Medical Oncology | Radiation Oncology | Surgical Oncology,CCA_Oncology_HIS_EMR_PRD_Part3_C-registration-to-investigations.md,Supplied PRD source,Attached to owning executable screen; source text visible in PRD viewer; enforced by generic lifecycle/RBAC and specific guards where machine-checkable
PAT-192,C.5 Diagnosis & Staging,Biomarker Panel,named product/safety rule,Medical Oncology | Radiation Oncology | Surgical Oncology,CCA_Oncology_HIS_EMR_PRD_Part3_C-registration-to-investigations.md,Supplied PRD source,Attached to owning executable screen; source text visible in PRD viewer; enforced by generic lifecycle/RBAC and specific guards where machine-checkable
SCR-DX-004,C.5 Diagnosis & Staging,Disease Status & Line of Therapy,form,Medical Oncology | Radiation Oncology | Surgical Oncology,CCA_Oncology_HIS_EMR_PRD_Part3_C-registration-to-investigations.md,Supplied PRD source,Executable PC4 schema + API + role-scoped UI + persistence/version lifecycle
MO-DX-050,C.5 Diagnosis & Staging,Disease Status & Line of Therapy,named product/safety rule,Medical Oncology | Radiation Oncology | Surgical Oncology,CCA_Oncology_HIS_EMR_PRD_Part3_C-registration-to-investigations.md,Supplied PRD source,Attached to owning executable screen; source text visible in PRD viewer; enforced by generic lifecycle/RBAC and specific guards where machine-checkable
SCR-INV-001,C.6 Investigations,Investigation Ordering,form,Inpatient Oncology Clinician | Medical Oncology | Radiation Oncology | Surgical Oncology,CCA_Oncology_HIS_EMR_PRD_Part3_C-registration-to-investigations.md,Supplied PRD source,Executable PC4 schema + API + role-scoped UI + persistence/version lifecycle
MO-INV-020,C.6 Investigations,Investigation Ordering,named product/safety rule,Inpatient Oncology Clinician | Medical Oncology | Radiation Oncology | Surgical Oncology,CCA_Oncology_HIS_EMR_PRD_Part3_C-registration-to-investigations.md,Supplied PRD source,Attached to owning executable screen; source text visible in PRD viewer; enforced by generic lifecycle/RBAC and specific guards where machine-checkable
MO-INV-030,C.6 Investigations,Investigation Ordering,named product/safety rule,Inpatient Oncology Clinician | Medical Oncology | Radiation Oncology | Surgical Oncology,CCA_Oncology_HIS_EMR_PRD_Part3_C-registration-to-investigations.md,Supplied PRD source,Attached to owning executable screen; source text visible in PRD viewer; enforced by generic lifecycle/RBAC and specific guards where machine-checkable
MO-INV-040,C.6 Investigations,Investigation Ordering,named product/safety rule,Inpatient Oncology Clinician | Medical Oncology | Radiation Oncology | Surgical Oncology,CCA_Oncology_HIS_EMR_PRD_Part3_C-registration-to-investigations.md,Supplied PRD source,Attached to owning executable screen; source text visible in PRD viewer; enforced by generic lifecycle/RBAC and specific guards where machine-checkable
MO-INV-050,C.6 Investigations,Investigation Ordering,named product/safety rule,Inpatient Oncology Clinician | Medical Oncology | Radiation Oncology | Surgical Oncology,CCA_Oncology_HIS_EMR_PRD_Part3_C-registration-to-investigations.md,Supplied PRD source,Attached to owning executable screen; source text visible in PRD viewer; enforced by generic lifecycle/RBAC and specific guards where machine-checkable
RADC-001,C.6 Investigations,Investigation Ordering,named product/safety rule,Inpatient Oncology Clinician | Medical Oncology | Radiation Oncology | Surgical Oncology,CCA_Oncology_HIS_EMR_PRD_Part3_C-registration-to-investigations.md,Supplied PRD source,Attached to owning executable screen; source text visible in PRD viewer; enforced by generic lifecycle/RBAC and specific guards where machine-checkable
SCR-INV-002,C.6 Investigations,Order Sets & Panels,form,Medical Oncology | Radiation Oncology | Surgical Oncology | Inpatient Oncology Clinician,CCA_Oncology_HIS_EMR_PRD_Part3_C-registration-to-investigations.md,Supplied PRD source,Executable PC4 schema + API + role-scoped UI + persistence/version lifecycle
MO-INV-060,C.6 Investigations,Order Sets & Panels,named product/safety rule,Medical Oncology | Radiation Oncology | Surgical Oncology | Inpatient Oncology Clinician,CCA_Oncology_HIS_EMR_PRD_Part3_C-registration-to-investigations.md,Supplied PRD source,Attached to owning executable screen; source text visible in PRD viewer; enforced by generic lifecycle/RBAC and specific guards where machine-checkable
SCR-INV-003,C.6 Investigations,Result Trend & Compare,form,Medical Oncology | Radiation Oncology | Surgical Oncology | Inpatient Oncology Clinician,CCA_Oncology_HIS_EMR_PRD_Part3_C-registration-to-investigations.md,Supplied PRD source,Executable PC4 schema + API + role-scoped UI + persistence/version lifecycle
MO-INV-070,C.6 Investigations,Result Trend & Compare,named product/safety rule,Medical Oncology | Radiation Oncology | Surgical Oncology | Inpatient Oncology Clinician,CCA_Oncology_HIS_EMR_PRD_Part3_C-registration-to-investigations.md,Supplied PRD source,Attached to owning executable screen; source text visible in PRD viewer; enforced by generic lifecycle/RBAC and specific guards where machine-checkable
SCR-MDT-001,C.7 MDT / Tumour Board,MDT Case Submission,form,Nurse Navigator | Radiologist | Pathology | Inpatient Oncology Clinician | Medical Oncology | Radiation Oncology | Surgical Oncology,CCA_Oncology_HIS_EMR_PRD_Part4_C-MDT-to-Pharmacy.md,Supplied PRD source,Executable PC4 schema + API + role-scoped UI + persistence/version lifecycle
MDT-001,C.7 MDT / Tumour Board,MDT Case Submission,named product/safety rule,Nurse Navigator | Radiologist | Pathology | Inpatient Oncology Clinician | Medical Oncology | Radiation Oncology | Surgical Oncology,CCA_Oncology_HIS_EMR_PRD_Part4_C-MDT-to-Pharmacy.md,Supplied PRD source,Attached to owning executable screen; source text visible in PRD viewer; enforced by generic lifecycle/RBAC and specific guards where machine-checkable
MDT-002,C.7 MDT / Tumour Board,MDT Case Submission,named product/safety rule,Nurse Navigator | Radiologist | Pathology | Inpatient Oncology Clinician | Medical Oncology | Radiation Oncology | Surgical Oncology,CCA_Oncology_HIS_EMR_PRD_Part4_C-MDT-to-Pharmacy.md,Supplied PRD source,Attached to owning executable screen; source text visible in PRD viewer; enforced by generic lifecycle/RBAC and specific guards where machine-checkable
MDT-010,C.7 MDT / Tumour Board,MDT Case Submission,named product/safety rule,Nurse Navigator | Radiologist | Pathology | Inpatient Oncology Clinician | Medical Oncology | Radiation Oncology | Surgical Oncology,CCA_Oncology_HIS_EMR_PRD_Part4_C-MDT-to-Pharmacy.md,Supplied PRD source,Attached to owning executable screen; source text visible in PRD viewer; enforced by generic lifecycle/RBAC and specific guards where machine-checkable
MDT-020,C.7 MDT / Tumour Board,MDT Case Submission,named product/safety rule,Nurse Navigator | Radiologist | Pathology | Inpatient Oncology Clinician | Medical Oncology | Radiation Oncology | Surgical Oncology,CCA_Oncology_HIS_EMR_PRD_Part4_C-MDT-to-Pharmacy.md,Supplied PRD source,Attached to owning executable screen; source text visible in PRD viewer; enforced by generic lifecycle/RBAC and specific guards where machine-checkable
MDT-021,C.7 MDT / Tumour Board,MDT Case Submission,named product/safety rule,Nurse Navigator | Radiologist | Pathology | Inpatient Oncology Clinician | Medical Oncology | Radiation Oncology | Surgical Oncology,CCA_Oncology_HIS_EMR_PRD_Part4_C-MDT-to-Pharmacy.md,Supplied PRD source,Attached to owning executable screen; source text visible in PRD viewer; enforced by generic lifecycle/RBAC and specific guards where machine-checkable
MO-CON-040,C.7 MDT / Tumour Board,MDT Case Submission,named product/safety rule,Nurse Navigator | Radiologist | Pathology | Inpatient Oncology Clinician | Medical Oncology | Radiation Oncology | Surgical Oncology,CCA_Oncology_HIS_EMR_PRD_Part4_C-MDT-to-Pharmacy.md,Supplied PRD source,Attached to owning executable screen; source text visible in PRD viewer; enforced by generic lifecycle/RBAC and specific guards where machine-checkable
SCR-MDT-002,C.7 MDT / Tumour Board,Submissions Inbox & Agenda Builder,worklist,MDT Coordinator,CCA_Oncology_HIS_EMR_PRD_Part4_C-MDT-to-Pharmacy.md,Supplied PRD source,Executable PC4 schema + API + role-scoped UI + persistence/version lifecycle
MDT-002,C.7 MDT / Tumour Board,Submissions Inbox & Agenda Builder,named product/safety rule,MDT Coordinator,CCA_Oncology_HIS_EMR_PRD_Part4_C-MDT-to-Pharmacy.md,Supplied PRD source,Attached to owning executable screen; source text visible in PRD viewer; enforced by generic lifecycle/RBAC and specific guards where machine-checkable
MDT-030,C.7 MDT / Tumour Board,Submissions Inbox & Agenda Builder,named product/safety rule,MDT Coordinator,CCA_Oncology_HIS_EMR_PRD_Part4_C-MDT-to-Pharmacy.md,Supplied PRD source,Attached to owning executable screen; source text visible in PRD viewer; enforced by generic lifecycle/RBAC and specific guards where machine-checkable
SCR-MDT-003,C.7 MDT / Tumour Board,Case Pack (assembled view),form,MDT Coordinator,CCA_Oncology_HIS_EMR_PRD_Part4_C-MDT-to-Pharmacy.md,Supplied PRD source,Executable PC4 schema + API + role-scoped UI + persistence/version lifecycle
MDT-003,C.7 MDT / Tumour Board,Case Pack (assembled view),named product/safety rule,MDT Coordinator,CCA_Oncology_HIS_EMR_PRD_Part4_C-MDT-to-Pharmacy.md,Supplied PRD source,Attached to owning executable screen; source text visible in PRD viewer; enforced by generic lifecycle/RBAC and specific guards where machine-checkable
MDT-111,C.7 MDT / Tumour Board,Case Pack (assembled view),named product/safety rule,MDT Coordinator,CCA_Oncology_HIS_EMR_PRD_Part4_C-MDT-to-Pharmacy.md,Supplied PRD source,Attached to owning executable screen; source text visible in PRD viewer; enforced by generic lifecycle/RBAC and specific guards where machine-checkable
MDT-112,C.7 MDT / Tumour Board,Case Pack (assembled view),named product/safety rule,MDT Coordinator,CCA_Oncology_HIS_EMR_PRD_Part4_C-MDT-to-Pharmacy.md,Supplied PRD source,Attached to owning executable screen; source text visible in PRD viewer; enforced by generic lifecycle/RBAC and specific guards where machine-checkable
SCR-MDT-004,C.7 MDT / Tumour Board,Live Meeting / Minute Capture,form,MDT Coordinator | MDT Chair,CCA_Oncology_HIS_EMR_PRD_Part4_C-MDT-to-Pharmacy.md,Supplied PRD source,Executable PC4 schema + API + role-scoped UI + persistence/version lifecycle
MDT-004,C.7 MDT / Tumour Board,Live Meeting / Minute Capture,named product/safety rule,MDT Coordinator | MDT Chair,CCA_Oncology_HIS_EMR_PRD_Part4_C-MDT-to-Pharmacy.md,Supplied PRD source,Attached to owning executable screen; source text visible in PRD viewer; enforced by generic lifecycle/RBAC and specific guards where machine-checkable
MDT-005,C.7 MDT / Tumour Board,Live Meeting / Minute Capture,named product/safety rule,MDT Coordinator | MDT Chair,CCA_Oncology_HIS_EMR_PRD_Part4_C-MDT-to-Pharmacy.md,Supplied PRD source,Attached to owning executable screen; source text visible in PRD viewer; enforced by generic lifecycle/RBAC and specific guards where machine-checkable
MDT-040,C.7 MDT / Tumour Board,Live Meeting / Minute Capture,named product/safety rule,MDT Coordinator | MDT Chair,CCA_Oncology_HIS_EMR_PRD_Part4_C-MDT-to-Pharmacy.md,Supplied PRD source,Attached to owning executable screen; source text visible in PRD viewer; enforced by generic lifecycle/RBAC and specific guards where machine-checkable
MDT-041,C.7 MDT / Tumour Board,Live Meeting / Minute Capture,named product/safety rule,MDT Coordinator | MDT Chair,CCA_Oncology_HIS_EMR_PRD_Part4_C-MDT-to-Pharmacy.md,Supplied PRD source,Attached to owning executable screen; source text visible in PRD viewer; enforced by generic lifecycle/RBAC and specific guards where machine-checkable
MDT-042,C.7 MDT / Tumour Board,Live Meeting / Minute Capture,named product/safety rule,MDT Coordinator | MDT Chair,CCA_Oncology_HIS_EMR_PRD_Part4_C-MDT-to-Pharmacy.md,Supplied PRD source,Attached to owning executable screen; source text visible in PRD viewer; enforced by generic lifecycle/RBAC and specific guards where machine-checkable
MDT-043,C.7 MDT / Tumour Board,Live Meeting / Minute Capture,named product/safety rule,MDT Coordinator | MDT Chair,CCA_Oncology_HIS_EMR_PRD_Part4_C-MDT-to-Pharmacy.md,Supplied PRD source,Attached to owning executable screen; source text visible in PRD viewer; enforced by generic lifecycle/RBAC and specific guards where machine-checkable
MDT-044,C.7 MDT / Tumour Board,Live Meeting / Minute Capture,named product/safety rule,MDT Coordinator | MDT Chair,CCA_Oncology_HIS_EMR_PRD_Part4_C-MDT-to-Pharmacy.md,Supplied PRD source,Attached to owning executable screen; source text visible in PRD viewer; enforced by generic lifecycle/RBAC and specific guards where machine-checkable
MDT-131,C.7 MDT / Tumour Board,Live Meeting / Minute Capture,named product/safety rule,MDT Coordinator | MDT Chair,CCA_Oncology_HIS_EMR_PRD_Part4_C-MDT-to-Pharmacy.md,Supplied PRD source,Attached to owning executable screen; source text visible in PRD viewer; enforced by generic lifecycle/RBAC and specific guards where machine-checkable
MDT-250,C.7 MDT / Tumour Board,Live Meeting / Minute Capture,named product/safety rule,MDT Coordinator | MDT Chair,CCA_Oncology_HIS_EMR_PRD_Part4_C-MDT-to-Pharmacy.md,Supplied PRD source,Attached to owning executable screen; source text visible in PRD viewer; enforced by generic lifecycle/RBAC and specific guards where machine-checkable
SCR-MDT-005,C.7 MDT / Tumour Board,Chair Review & Sign-off,form,MDT Coordinator | MDT Chair,CCA_Oncology_HIS_EMR_PRD_Part4_C-MDT-to-Pharmacy.md,Supplied PRD source,Executable PC4 schema + API + role-scoped UI + persistence/version lifecycle
MDT-005,C.7 MDT / Tumour Board,Chair Review & Sign-off,named product/safety rule,MDT Coordinator | MDT Chair,CCA_Oncology_HIS_EMR_PRD_Part4_C-MDT-to-Pharmacy.md,Supplied PRD source,Attached to owning executable screen; source text visible in PRD viewer; enforced by generic lifecycle/RBAC and specific guards where machine-checkable
MDT-050,C.7 MDT / Tumour Board,Chair Review & Sign-off,named product/safety rule,MDT Coordinator | MDT Chair,CCA_Oncology_HIS_EMR_PRD_Part4_C-MDT-to-Pharmacy.md,Supplied PRD source,Attached to owning executable screen; source text visible in PRD viewer; enforced by generic lifecycle/RBAC and specific guards where machine-checkable
MDT-201,C.7 MDT / Tumour Board,Chair Review & Sign-off,named product/safety rule,MDT Coordinator | MDT Chair,CCA_Oncology_HIS_EMR_PRD_Part4_C-MDT-to-Pharmacy.md,Supplied PRD source,Attached to owning executable screen; source text visible in PRD viewer; enforced by generic lifecycle/RBAC and specific guards where machine-checkable
MDT-221,C.7 MDT / Tumour Board,Chair Review & Sign-off,named product/safety rule,MDT Coordinator | MDT Chair,CCA_Oncology_HIS_EMR_PRD_Part4_C-MDT-to-Pharmacy.md,Supplied PRD source,Attached to owning executable screen; source text visible in PRD viewer; enforced by generic lifecycle/RBAC and specific guards where machine-checkable
MDT-240,C.7 MDT / Tumour Board,Chair Review & Sign-off,named product/safety rule,MDT Coordinator | MDT Chair,CCA_Oncology_HIS_EMR_PRD_Part4_C-MDT-to-Pharmacy.md,Supplied PRD source,Attached to owning executable screen; source text visible in PRD viewer; enforced by generic lifecycle/RBAC and specific guards where machine-checkable
SCR-MDT-006,C.7 MDT / Tumour Board,Action Tracker,worklist,MDT Coordinator,CCA_Oncology_HIS_EMR_PRD_Part4_C-MDT-to-Pharmacy.md,Supplied PRD source,Executable PC4 schema + API + role-scoped UI + persistence/version lifecycle
MDT-006,C.7 MDT / Tumour Board,Action Tracker,named product/safety rule,MDT Coordinator,CCA_Oncology_HIS_EMR_PRD_Part4_C-MDT-to-Pharmacy.md,Supplied PRD source,Attached to owning executable screen; source text visible in PRD viewer; enforced by generic lifecycle/RBAC and specific guards where machine-checkable
MDT-060,C.7 MDT / Tumour Board,Action Tracker,named product/safety rule,MDT Coordinator,CCA_Oncology_HIS_EMR_PRD_Part4_C-MDT-to-Pharmacy.md,Supplied PRD source,Attached to owning executable screen; source text visible in PRD viewer; enforced by generic lifecycle/RBAC and specific guards where machine-checkable
SCR-PLN-001,C.8 Treatment Plan,Treatment Plan,form,Nurse Navigator | Medical Oncology | Radiation Oncology | Oncology Pharmacy | Surgical Oncology,CCA_Oncology_HIS_EMR_PRD_Part4_C-MDT-to-Pharmacy.md,Supplied PRD source,Executable PC4 schema + API + role-scoped UI + persistence/version lifecycle
RO-001,C.8 Treatment Plan,Treatment Plan,named product/safety rule,Nurse Navigator | Medical Oncology | Radiation Oncology | Oncology Pharmacy | Surgical Oncology,CCA_Oncology_HIS_EMR_PRD_Part4_C-MDT-to-Pharmacy.md,Supplied PRD source,Attached to owning executable screen; source text visible in PRD viewer; enforced by generic lifecycle/RBAC and specific guards where machine-checkable
RO-002,C.8 Treatment Plan,Treatment Plan,named product/safety rule,Nurse Navigator | Medical Oncology | Radiation Oncology | Oncology Pharmacy | Surgical Oncology,CCA_Oncology_HIS_EMR_PRD_Part4_C-MDT-to-Pharmacy.md,Supplied PRD source,Attached to owning executable screen; source text visible in PRD viewer; enforced by generic lifecycle/RBAC and specific guards where machine-checkable
SCR-PLN-002,C.8 Treatment Plan,Plan Version Comparison,form,Medical Oncology | Radiation Oncology | Surgical Oncology,CCA_Oncology_HIS_EMR_PRD_Part4_C-MDT-to-Pharmacy.md,Supplied PRD source,Executable PC4 schema + API + role-scoped UI + persistence/version lifecycle
SCR-PLN-003,C.8 Treatment Plan,Consent Capture,form,Medical Oncology | Radiation Oncology | Surgical Oncology,CCA_Oncology_HIS_EMR_PRD_Part4_C-MDT-to-Pharmacy.md,Supplied PRD source,Executable PC4 schema + API + role-scoped UI + persistence/version lifecycle
NAV-040,C.8 Treatment Plan,Consent Capture,named product/safety rule,Medical Oncology | Radiation Oncology | Surgical Oncology,CCA_Oncology_HIS_EMR_PRD_Part4_C-MDT-to-Pharmacy.md,Supplied PRD source,Attached to owning executable screen; source text visible in PRD viewer; enforced by generic lifecycle/RBAC and specific guards where machine-checkable
SCR-ORD-001,C.9 Systemic Treatment Order,Regimen Selection,form,Medical Oncology | Oncology Pharmacy,CCA_Oncology_HIS_EMR_PRD_Part4_C-MDT-to-Pharmacy.md,Supplied PRD source,Executable PC4 schema + API + role-scoped UI + persistence/version lifecycle
INT-NUR-111,C.9 Systemic Treatment Order,Regimen Selection,named product/safety rule,Medical Oncology | Oncology Pharmacy,CCA_Oncology_HIS_EMR_PRD_Part4_C-MDT-to-Pharmacy.md,Supplied PRD source,Attached to owning executable screen; source text visible in PRD viewer; enforced by generic lifecycle/RBAC and specific guards where machine-checkable
INT-NUR-115,C.9 Systemic Treatment Order,Regimen Selection,named product/safety rule,Medical Oncology | Oncology Pharmacy,CCA_Oncology_HIS_EMR_PRD_Part4_C-MDT-to-Pharmacy.md,Supplied PRD source,Attached to owning executable screen; source text visible in PRD viewer; enforced by generic lifecycle/RBAC and specific guards where machine-checkable
INT-NUR-131,C.9 Systemic Treatment Order,Regimen Selection,named product/safety rule,Medical Oncology | Oncology Pharmacy,CCA_Oncology_HIS_EMR_PRD_Part4_C-MDT-to-Pharmacy.md,Supplied PRD source,Attached to owning executable screen; source text visible in PRD viewer; enforced by generic lifecycle/RBAC and specific guards where machine-checkable
SCR-ORD-002,C.9 Systemic Treatment Order,Dosing Panel (the five-value screen),form,Medical Oncology | Oncology Pharmacy | Day Care / Infusion Nurse,CCA_Oncology_HIS_EMR_PRD_Part4_C-MDT-to-Pharmacy.md,Supplied PRD source,Executable PC4 schema + API + role-scoped UI + persistence/version lifecycle
MAR-040,C.9 Systemic Treatment Order,Dosing Panel (the five-value screen),named product/safety rule,Medical Oncology | Oncology Pharmacy | Day Care / Infusion Nurse,CCA_Oncology_HIS_EMR_PRD_Part4_C-MDT-to-Pharmacy.md,Supplied PRD source,Attached to owning executable screen; source text visible in PRD viewer; enforced by generic lifecycle/RBAC and specific guards where machine-checkable
PHA-002,C.9 Systemic Treatment Order,Dosing Panel (the five-value screen),named product/safety rule,Medical Oncology | Oncology Pharmacy | Day Care / Infusion Nurse,CCA_Oncology_HIS_EMR_PRD_Part4_C-MDT-to-Pharmacy.md,Supplied PRD source,Attached to owning executable screen; source text visible in PRD viewer; enforced by generic lifecycle/RBAC and specific guards where machine-checkable
SCR-ORD-003,C.9 Systemic Treatment Order,"Supportive Care, Premedication & Hydration Detail",form,Medical Oncology,CCA_Oncology_HIS_EMR_PRD_Part4_C-MDT-to-Pharmacy.md,Supplied PRD source,Executable PC4 schema + API + role-scoped UI + persistence/version lifecycle
SCR-ORD-004,C.9 Systemic Treatment Order,Order Review & Signature,form,Medical Oncology,CCA_Oncology_HIS_EMR_PRD_Part4_C-MDT-to-Pharmacy.md,Supplied PRD source,Executable PC4 schema + API + role-scoped UI + persistence/version lifecycle
MO-CON-050,C.9 Systemic Treatment Order,Order Review & Signature,named product/safety rule,Medical Oncology,CCA_Oncology_HIS_EMR_PRD_Part4_C-MDT-to-Pharmacy.md,Supplied PRD source,Attached to owning executable screen; source text visible in PRD viewer; enforced by generic lifecycle/RBAC and specific guards where machine-checkable
PHA-001,C.9 Systemic Treatment Order,Order Review & Signature,named product/safety rule,Medical Oncology,CCA_Oncology_HIS_EMR_PRD_Part4_C-MDT-to-Pharmacy.md,Supplied PRD source,Attached to owning executable screen; source text visible in PRD viewer; enforced by generic lifecycle/RBAC and specific guards where machine-checkable
SCR-ORD-005,C.9 Systemic Treatment Order,Dose Modification / Order Revision,form,Medical Oncology,CCA_Oncology_HIS_EMR_PRD_Part4_C-MDT-to-Pharmacy.md,Supplied PRD source,Executable PC4 schema + API + role-scoped UI + persistence/version lifecycle
SCR-ORD-006,C.9 Systemic Treatment Order,Treatment Hold / Delay / Discontinuation,form,Medical Oncology,CCA_Oncology_HIS_EMR_PRD_Part4_C-MDT-to-Pharmacy.md,Supplied PRD source,Executable PC4 schema + API + role-scoped UI + persistence/version lifecycle
SCR-ORD-007,C.9 Systemic Treatment Order,Order Viewer (cross-role read-only),form,Medical Oncology,CCA_Oncology_HIS_EMR_PRD_Part4_C-MDT-to-Pharmacy.md,Supplied PRD source,Executable PC4 schema + API + role-scoped UI + persistence/version lifecycle
SCR-RDY-001,C.10 Treatment Readiness,Treatment Readiness Assessment,form,Nurse Navigator | Medical Oncology | Oncology Pharmacy,CCA_Oncology_HIS_EMR_PRD_Part4_C-MDT-to-Pharmacy.md,Supplied PRD source,Executable PC4 schema + API + role-scoped UI + persistence/version lifecycle
SCR-RDY-002,C.10 Treatment Readiness,Treatment-Day Clearance,form,Medical Oncology,CCA_Oncology_HIS_EMR_PRD_Part4_C-MDT-to-Pharmacy.md,Supplied PRD source,Executable PC4 schema + API + role-scoped UI + persistence/version lifecycle
MAR-010,C.10 Treatment Readiness,Treatment-Day Clearance,named product/safety rule,Medical Oncology,CCA_Oncology_HIS_EMR_PRD_Part4_C-MDT-to-Pharmacy.md,Supplied PRD source,Attached to owning executable screen; source text visible in PRD viewer; enforced by generic lifecycle/RBAC and specific guards where machine-checkable
MO-CON-060,C.10 Treatment Readiness,Treatment-Day Clearance,named product/safety rule,Medical Oncology,CCA_Oncology_HIS_EMR_PRD_Part4_C-MDT-to-Pharmacy.md,Supplied PRD source,Attached to owning executable screen; source text visible in PRD viewer; enforced by generic lifecycle/RBAC and specific guards where machine-checkable
SCR-PHA-001,C.11 Oncology Pharmacy,Pharmacy Worklist,worklist,Oncology Pharmacy,CCA_Oncology_HIS_EMR_PRD_Part4_C-MDT-to-Pharmacy.md,Supplied PRD source,Executable PC4 schema + API + role-scoped UI + persistence/version lifecycle
PHA-001,C.11 Oncology Pharmacy,Pharmacy Worklist,named product/safety rule,Oncology Pharmacy,CCA_Oncology_HIS_EMR_PRD_Part4_C-MDT-to-Pharmacy.md,Supplied PRD source,Attached to owning executable screen; source text visible in PRD viewer; enforced by generic lifecycle/RBAC and specific guards where machine-checkable
PHA-010,C.11 Oncology Pharmacy,Pharmacy Worklist,named product/safety rule,Oncology Pharmacy,CCA_Oncology_HIS_EMR_PRD_Part4_C-MDT-to-Pharmacy.md,Supplied PRD source,Attached to owning executable screen; source text visible in PRD viewer; enforced by generic lifecycle/RBAC and specific guards where machine-checkable
SCR-PHA-002,C.11 Oncology Pharmacy,Clinical Verification,form,Oncology Pharmacy,CCA_Oncology_HIS_EMR_PRD_Part4_C-MDT-to-Pharmacy.md,Supplied PRD source,Executable PC4 schema + API + role-scoped UI + persistence/version lifecycle
PHA-002,C.11 Oncology Pharmacy,Clinical Verification,named product/safety rule,Oncology Pharmacy,CCA_Oncology_HIS_EMR_PRD_Part4_C-MDT-to-Pharmacy.md,Supplied PRD source,Attached to owning executable screen; source text visible in PRD viewer; enforced by generic lifecycle/RBAC and specific guards where machine-checkable
PHA-004,C.11 Oncology Pharmacy,Clinical Verification,named product/safety rule,Oncology Pharmacy,CCA_Oncology_HIS_EMR_PRD_Part4_C-MDT-to-Pharmacy.md,Supplied PRD source,Attached to owning executable screen; source text visible in PRD viewer; enforced by generic lifecycle/RBAC and specific guards where machine-checkable
PHA-020,C.11 Oncology Pharmacy,Clinical Verification,named product/safety rule,Oncology Pharmacy,CCA_Oncology_HIS_EMR_PRD_Part4_C-MDT-to-Pharmacy.md,Supplied PRD source,Attached to owning executable screen; source text visible in PRD viewer; enforced by generic lifecycle/RBAC and specific guards where machine-checkable
PHA-030,C.11 Oncology Pharmacy,Clinical Verification,named product/safety rule,Oncology Pharmacy,CCA_Oncology_HIS_EMR_PRD_Part4_C-MDT-to-Pharmacy.md,Supplied PRD source,Attached to owning executable screen; source text visible in PRD viewer; enforced by generic lifecycle/RBAC and specific guards where machine-checkable
PHA-040,C.11 Oncology Pharmacy,Clinical Verification,named product/safety rule,Oncology Pharmacy,CCA_Oncology_HIS_EMR_PRD_Part4_C-MDT-to-Pharmacy.md,Supplied PRD source,Attached to owning executable screen; source text visible in PRD viewer; enforced by generic lifecycle/RBAC and specific guards where machine-checkable
SCR-PHA-003,C.11 Oncology Pharmacy,Query / Rejection / Intervention,form,Oncology Pharmacy,CCA_Oncology_HIS_EMR_PRD_Part4_C-MDT-to-Pharmacy.md,Supplied PRD source,Executable PC4 schema + API + role-scoped UI + persistence/version lifecycle
PHA-003,C.11 Oncology Pharmacy,Query / Rejection / Intervention,named product/safety rule,Oncology Pharmacy,CCA_Oncology_HIS_EMR_PRD_Part4_C-MDT-to-Pharmacy.md,Supplied PRD source,Attached to owning executable screen; source text visible in PRD viewer; enforced by generic lifecycle/RBAC and specific guards where machine-checkable
SCR-PHA-004,C.11 Oncology Pharmacy,Preparation Specification,form,Oncology Pharmacy,CCA_Oncology_HIS_EMR_PRD_Part4_C-MDT-to-Pharmacy.md,Supplied PRD source,Executable PC4 schema + API + role-scoped UI + persistence/version lifecycle
PHA-004,C.11 Oncology Pharmacy,Preparation Specification,named product/safety rule,Oncology Pharmacy,CCA_Oncology_HIS_EMR_PRD_Part4_C-MDT-to-Pharmacy.md,Supplied PRD source,Attached to owning executable screen; source text visible in PRD viewer; enforced by generic lifecycle/RBAC and specific guards where machine-checkable
PHA-050,C.11 Oncology Pharmacy,Preparation Specification,named product/safety rule,Oncology Pharmacy,CCA_Oncology_HIS_EMR_PRD_Part4_C-MDT-to-Pharmacy.md,Supplied PRD source,Attached to owning executable screen; source text visible in PRD viewer; enforced by generic lifecycle/RBAC and specific guards where machine-checkable
SCR-PHA-005,C.11 Oncology Pharmacy,Compounding Record,form,Oncology Pharmacy,CCA_Oncology_HIS_EMR_PRD_Part4_C-MDT-to-Pharmacy.md,Supplied PRD source,Executable PC4 schema + API + role-scoped UI + persistence/version lifecycle
PHA-005,C.11 Oncology Pharmacy,Compounding Record,named product/safety rule,Oncology Pharmacy,CCA_Oncology_HIS_EMR_PRD_Part4_C-MDT-to-Pharmacy.md,Supplied PRD source,Attached to owning executable screen; source text visible in PRD viewer; enforced by generic lifecycle/RBAC and specific guards where machine-checkable
PHA-060,C.11 Oncology Pharmacy,Compounding Record,named product/safety rule,Oncology Pharmacy,CCA_Oncology_HIS_EMR_PRD_Part4_C-MDT-to-Pharmacy.md,Supplied PRD source,Attached to owning executable screen; source text visible in PRD viewer; enforced by generic lifecycle/RBAC and specific guards where machine-checkable
SCR-PHA-006,C.11 Oncology Pharmacy,Independent Double Check,form,Oncology Pharmacy,CCA_Oncology_HIS_EMR_PRD_Part4_C-MDT-to-Pharmacy.md,Supplied PRD source,Executable PC4 schema + API + role-scoped UI + persistence/version lifecycle
PHA-006,C.11 Oncology Pharmacy,Independent Double Check,named product/safety rule,Oncology Pharmacy,CCA_Oncology_HIS_EMR_PRD_Part4_C-MDT-to-Pharmacy.md,Supplied PRD source,Attached to owning executable screen; source text visible in PRD viewer; enforced by generic lifecycle/RBAC and specific guards where machine-checkable
SCR-PHA-007,C.11 Oncology Pharmacy,Labelling,form,Oncology Pharmacy,CCA_Oncology_HIS_EMR_PRD_Part4_C-MDT-to-Pharmacy.md,Supplied PRD source,Executable PC4 schema + API + role-scoped UI + persistence/version lifecycle
PHA-007,C.11 Oncology Pharmacy,Labelling,named product/safety rule,Oncology Pharmacy,CCA_Oncology_HIS_EMR_PRD_Part4_C-MDT-to-Pharmacy.md,Supplied PRD source,Attached to owning executable screen; source text visible in PRD viewer; enforced by generic lifecycle/RBAC and specific guards where machine-checkable
PHA-070,C.11 Oncology Pharmacy,Labelling,named product/safety rule,Oncology Pharmacy,CCA_Oncology_HIS_EMR_PRD_Part4_C-MDT-to-Pharmacy.md,Supplied PRD source,Attached to owning executable screen; source text visible in PRD viewer; enforced by generic lifecycle/RBAC and specific guards where machine-checkable
SCR-PHA-008,C.11 Oncology Pharmacy,Release / Dispense,form,Oncology Pharmacy,CCA_Oncology_HIS_EMR_PRD_Part4_C-MDT-to-Pharmacy.md,Supplied PRD source,Executable PC4 schema + API + role-scoped UI + persistence/version lifecycle
MAR-004,C.11 Oncology Pharmacy,Release / Dispense,named product/safety rule,Oncology Pharmacy,CCA_Oncology_HIS_EMR_PRD_Part4_C-MDT-to-Pharmacy.md,Supplied PRD source,Attached to owning executable screen; source text visible in PRD viewer; enforced by generic lifecycle/RBAC and specific guards where machine-checkable
PHA-008,C.11 Oncology Pharmacy,Release / Dispense,named product/safety rule,Oncology Pharmacy,CCA_Oncology_HIS_EMR_PRD_Part4_C-MDT-to-Pharmacy.md,Supplied PRD source,Attached to owning executable screen; source text visible in PRD viewer; enforced by generic lifecycle/RBAC and specific guards where machine-checkable
PHA-080,C.11 Oncology Pharmacy,Release / Dispense,named product/safety rule,Oncology Pharmacy,CCA_Oncology_HIS_EMR_PRD_Part4_C-MDT-to-Pharmacy.md,Supplied PRD source,Attached to owning executable screen; source text visible in PRD viewer; enforced by generic lifecycle/RBAC and specific guards where machine-checkable
SCR-PHA-009,C.11 Oncology Pharmacy,Cumulative Dose Surveillance,form,Oncology Pharmacy,CCA_Oncology_HIS_EMR_PRD_Part4_C-MDT-to-Pharmacy.md,Supplied PRD source,Executable PC4 schema + API + role-scoped UI + persistence/version lifecycle
PHA-009,C.11 Oncology Pharmacy,Cumulative Dose Surveillance,named product/safety rule,Oncology Pharmacy,CCA_Oncology_HIS_EMR_PRD_Part4_C-MDT-to-Pharmacy.md,Supplied PRD source,Attached to owning executable screen; source text visible in PRD viewer; enforced by generic lifecycle/RBAC and specific guards where machine-checkable
PHA-090,C.11 Oncology Pharmacy,Cumulative Dose Surveillance,named product/safety rule,Oncology Pharmacy,CCA_Oncology_HIS_EMR_PRD_Part4_C-MDT-to-Pharmacy.md,Supplied PRD source,Attached to owning executable screen; source text visible in PRD viewer; enforced by generic lifecycle/RBAC and specific guards where machine-checkable
SCR-PHA-010,C.11 Oncology Pharmacy,"Wastage, Returns & Recalls",form,Oncology Pharmacy,CCA_Oncology_HIS_EMR_PRD_Part4_C-MDT-to-Pharmacy.md,Supplied PRD source,Executable PC4 schema + API + role-scoped UI + persistence/version lifecycle
PHA-010,C.11 Oncology Pharmacy,"Wastage, Returns & Recalls",named product/safety rule,Oncology Pharmacy,CCA_Oncology_HIS_EMR_PRD_Part4_C-MDT-to-Pharmacy.md,Supplied PRD source,Attached to owning executable screen; source text visible in PRD viewer; enforced by generic lifecycle/RBAC and specific guards where machine-checkable
PHA-100,C.11 Oncology Pharmacy,"Wastage, Returns & Recalls",named product/safety rule,Oncology Pharmacy,CCA_Oncology_HIS_EMR_PRD_Part4_C-MDT-to-Pharmacy.md,Supplied PRD source,Attached to owning executable screen; source text visible in PRD viewer; enforced by generic lifecycle/RBAC and specific guards where machine-checkable
SCR-MAR-001,C.12 Day Care / MAR,Day Care Treatment Queue,worklist,Medical Oncology | Oncology Pharmacy | Day Care / Infusion Nurse,CCA_Oncology_HIS_EMR_PRD_Part5_C-DayCare-Toxicity-Oral.md,Supplied PRD source,Executable PC4 schema + API + role-scoped UI + persistence/version lifecycle
MAR-001,C.12 Day Care / MAR,Day Care Treatment Queue,named product/safety rule,Medical Oncology | Oncology Pharmacy | Day Care / Infusion Nurse,CCA_Oncology_HIS_EMR_PRD_Part5_C-DayCare-Toxicity-Oral.md,Supplied PRD source,Attached to owning executable screen; source text visible in PRD viewer; enforced by generic lifecycle/RBAC and specific guards where machine-checkable
MAR-005,C.12 Day Care / MAR,Day Care Treatment Queue,named product/safety rule,Medical Oncology | Oncology Pharmacy | Day Care / Infusion Nurse,CCA_Oncology_HIS_EMR_PRD_Part5_C-DayCare-Toxicity-Oral.md,Supplied PRD source,Attached to owning executable screen; source text visible in PRD viewer; enforced by generic lifecycle/RBAC and specific guards where machine-checkable
MAR-006,C.12 Day Care / MAR,Day Care Treatment Queue,named product/safety rule,Medical Oncology | Oncology Pharmacy | Day Care / Infusion Nurse,CCA_Oncology_HIS_EMR_PRD_Part5_C-DayCare-Toxicity-Oral.md,Supplied PRD source,Attached to owning executable screen; source text visible in PRD viewer; enforced by generic lifecycle/RBAC and specific guards where machine-checkable
MAR-010,C.12 Day Care / MAR,Day Care Treatment Queue,named product/safety rule,Medical Oncology | Oncology Pharmacy | Day Care / Infusion Nurse,CCA_Oncology_HIS_EMR_PRD_Part5_C-DayCare-Toxicity-Oral.md,Supplied PRD source,Attached to owning executable screen; source text visible in PRD viewer; enforced by generic lifecycle/RBAC and specific guards where machine-checkable
MAR-013,C.12 Day Care / MAR,Day Care Treatment Queue,named product/safety rule,Medical Oncology | Oncology Pharmacy | Day Care / Infusion Nurse,CCA_Oncology_HIS_EMR_PRD_Part5_C-DayCare-Toxicity-Oral.md,Supplied PRD source,Attached to owning executable screen; source text visible in PRD viewer; enforced by generic lifecycle/RBAC and specific guards where machine-checkable
SCR-MAR-002,C.12 Day Care / MAR,Arrival & Patient Identity Verification,form,Day Care / Infusion Nurse,CCA_Oncology_HIS_EMR_PRD_Part5_C-DayCare-Toxicity-Oral.md,Supplied PRD source,Executable PC4 schema + API + role-scoped UI + persistence/version lifecycle
MAR-002,C.12 Day Care / MAR,Arrival & Patient Identity Verification,named product/safety rule,Day Care / Infusion Nurse,CCA_Oncology_HIS_EMR_PRD_Part5_C-DayCare-Toxicity-Oral.md,Supplied PRD source,Attached to owning executable screen; source text visible in PRD viewer; enforced by generic lifecycle/RBAC and specific guards where machine-checkable
MAR-003,C.12 Day Care / MAR,Arrival & Patient Identity Verification,named product/safety rule,Day Care / Infusion Nurse,CCA_Oncology_HIS_EMR_PRD_Part5_C-DayCare-Toxicity-Oral.md,Supplied PRD source,Attached to owning executable screen; source text visible in PRD viewer; enforced by generic lifecycle/RBAC and specific guards where machine-checkable
MAR-007,C.12 Day Care / MAR,Arrival & Patient Identity Verification,named product/safety rule,Day Care / Infusion Nurse,CCA_Oncology_HIS_EMR_PRD_Part5_C-DayCare-Toxicity-Oral.md,Supplied PRD source,Attached to owning executable screen; source text visible in PRD viewer; enforced by generic lifecycle/RBAC and specific guards where machine-checkable
MAR-008,C.12 Day Care / MAR,Arrival & Patient Identity Verification,named product/safety rule,Day Care / Infusion Nurse,CCA_Oncology_HIS_EMR_PRD_Part5_C-DayCare-Toxicity-Oral.md,Supplied PRD source,Attached to owning executable screen; source text visible in PRD viewer; enforced by generic lifecycle/RBAC and specific guards where machine-checkable
SCR-MAR-003,C.12 Day Care / MAR,Pre-Administration Assessment (Consent · Clearance · Readiness · Vitals · Weight),form,Day Care / Infusion Nurse,CCA_Oncology_HIS_EMR_PRD_Part5_C-DayCare-Toxicity-Oral.md,Supplied PRD source,Executable PC4 schema + API + role-scoped UI + persistence/version lifecycle
INT-NUR-110,C.12 Day Care / MAR,Pre-Administration Assessment (Consent · Clearance · Readiness · Vitals · Weight),named product/safety rule,Day Care / Infusion Nurse,CCA_Oncology_HIS_EMR_PRD_Part5_C-DayCare-Toxicity-Oral.md,Supplied PRD source,Attached to owning executable screen; source text visible in PRD viewer; enforced by generic lifecycle/RBAC and specific guards where machine-checkable
INT-NUR-111,C.12 Day Care / MAR,Pre-Administration Assessment (Consent · Clearance · Readiness · Vitals · Weight),named product/safety rule,Day Care / Infusion Nurse,CCA_Oncology_HIS_EMR_PRD_Part5_C-DayCare-Toxicity-Oral.md,Supplied PRD source,Attached to owning executable screen; source text visible in PRD viewer; enforced by generic lifecycle/RBAC and specific guards where machine-checkable
INT-NUR-200,C.12 Day Care / MAR,Pre-Administration Assessment (Consent · Clearance · Readiness · Vitals · Weight),named product/safety rule,Day Care / Infusion Nurse,CCA_Oncology_HIS_EMR_PRD_Part5_C-DayCare-Toxicity-Oral.md,Supplied PRD source,Attached to owning executable screen; source text visible in PRD viewer; enforced by generic lifecycle/RBAC and specific guards where machine-checkable
MAR-003,C.12 Day Care / MAR,Pre-Administration Assessment (Consent · Clearance · Readiness · Vitals · Weight),named product/safety rule,Day Care / Infusion Nurse,CCA_Oncology_HIS_EMR_PRD_Part5_C-DayCare-Toxicity-Oral.md,Supplied PRD source,Attached to owning executable screen; source text visible in PRD viewer; enforced by generic lifecycle/RBAC and specific guards where machine-checkable
MAR-009,C.12 Day Care / MAR,Pre-Administration Assessment (Consent · Clearance · Readiness · Vitals · Weight),named product/safety rule,Day Care / Infusion Nurse,CCA_Oncology_HIS_EMR_PRD_Part5_C-DayCare-Toxicity-Oral.md,Supplied PRD source,Attached to owning executable screen; source text visible in PRD viewer; enforced by generic lifecycle/RBAC and specific guards where machine-checkable
MAR-011,C.12 Day Care / MAR,Pre-Administration Assessment (Consent · Clearance · Readiness · Vitals · Weight),named product/safety rule,Day Care / Infusion Nurse,CCA_Oncology_HIS_EMR_PRD_Part5_C-DayCare-Toxicity-Oral.md,Supplied PRD source,Attached to owning executable screen; source text visible in PRD viewer; enforced by generic lifecycle/RBAC and specific guards where machine-checkable
MAR-012,C.12 Day Care / MAR,Pre-Administration Assessment (Consent · Clearance · Readiness · Vitals · Weight),named product/safety rule,Day Care / Infusion Nurse,CCA_Oncology_HIS_EMR_PRD_Part5_C-DayCare-Toxicity-Oral.md,Supplied PRD source,Attached to owning executable screen; source text visible in PRD viewer; enforced by generic lifecycle/RBAC and specific guards where machine-checkable
MAR-013,C.12 Day Care / MAR,Pre-Administration Assessment (Consent · Clearance · Readiness · Vitals · Weight),named product/safety rule,Day Care / Infusion Nurse,CCA_Oncology_HIS_EMR_PRD_Part5_C-DayCare-Toxicity-Oral.md,Supplied PRD source,Attached to owning executable screen; source text visible in PRD viewer; enforced by generic lifecycle/RBAC and specific guards where machine-checkable
TOX-002,C.12 Day Care / MAR,Pre-Administration Assessment (Consent · Clearance · Readiness · Vitals · Weight),named product/safety rule,Day Care / Infusion Nurse,CCA_Oncology_HIS_EMR_PRD_Part5_C-DayCare-Toxicity-Oral.md,Supplied PRD source,Attached to owning executable screen; source text visible in PRD viewer; enforced by generic lifecycle/RBAC and specific guards where machine-checkable
SCR-MAR-004,C.12 Day Care / MAR,Product Receipt & Barcode Verification,form,Day Care / Infusion Nurse,CCA_Oncology_HIS_EMR_PRD_Part5_C-DayCare-Toxicity-Oral.md,Supplied PRD source,Executable PC4 schema + API + role-scoped UI + persistence/version lifecycle
MAR-004,C.12 Day Care / MAR,Product Receipt & Barcode Verification,named product/safety rule,Day Care / Infusion Nurse,CCA_Oncology_HIS_EMR_PRD_Part5_C-DayCare-Toxicity-Oral.md,Supplied PRD source,Attached to owning executable screen; source text visible in PRD viewer; enforced by generic lifecycle/RBAC and specific guards where machine-checkable
MAR-014,C.12 Day Care / MAR,Product Receipt & Barcode Verification,named product/safety rule,Day Care / Infusion Nurse,CCA_Oncology_HIS_EMR_PRD_Part5_C-DayCare-Toxicity-Oral.md,Supplied PRD source,Attached to owning executable screen; source text visible in PRD viewer; enforced by generic lifecycle/RBAC and specific guards where machine-checkable
MAR-015,C.12 Day Care / MAR,Product Receipt & Barcode Verification,named product/safety rule,Day Care / Infusion Nurse,CCA_Oncology_HIS_EMR_PRD_Part5_C-DayCare-Toxicity-Oral.md,Supplied PRD source,Attached to owning executable screen; source text visible in PRD viewer; enforced by generic lifecycle/RBAC and specific guards where machine-checkable
PHA-060,C.12 Day Care / MAR,Product Receipt & Barcode Verification,named product/safety rule,Day Care / Infusion Nurse,CCA_Oncology_HIS_EMR_PRD_Part5_C-DayCare-Toxicity-Oral.md,Supplied PRD source,Attached to owning executable screen; source text visible in PRD viewer; enforced by generic lifecycle/RBAC and specific guards where machine-checkable
PHA-080,C.12 Day Care / MAR,Product Receipt & Barcode Verification,named product/safety rule,Day Care / Infusion Nurse,CCA_Oncology_HIS_EMR_PRD_Part5_C-DayCare-Toxicity-Oral.md,Supplied PRD source,Attached to owning executable screen; source text visible in PRD viewer; enforced by generic lifecycle/RBAC and specific guards where machine-checkable
SCR-MAR-005,C.12 Day Care / MAR,Vascular Access,form,Day Care / Infusion Nurse,CCA_Oncology_HIS_EMR_PRD_Part5_C-DayCare-Toxicity-Oral.md,Supplied PRD source,Executable PC4 schema + API + role-scoped UI + persistence/version lifecycle
MAR-005,C.12 Day Care / MAR,Vascular Access,named product/safety rule,Day Care / Infusion Nurse,CCA_Oncology_HIS_EMR_PRD_Part5_C-DayCare-Toxicity-Oral.md,Supplied PRD source,Attached to owning executable screen; source text visible in PRD viewer; enforced by generic lifecycle/RBAC and specific guards where machine-checkable
MAR-016,C.12 Day Care / MAR,Vascular Access,named product/safety rule,Day Care / Infusion Nurse,CCA_Oncology_HIS_EMR_PRD_Part5_C-DayCare-Toxicity-Oral.md,Supplied PRD source,Attached to owning executable screen; source text visible in PRD viewer; enforced by generic lifecycle/RBAC and specific guards where machine-checkable
MAR-040,C.12 Day Care / MAR,Vascular Access,named product/safety rule,Day Care / Infusion Nurse,CCA_Oncology_HIS_EMR_PRD_Part5_C-DayCare-Toxicity-Oral.md,Supplied PRD source,Attached to owning executable screen; source text visible in PRD viewer; enforced by generic lifecycle/RBAC and specific guards where machine-checkable
SCR-MAR-006,C.12 Day Care / MAR,Administration Record (the MAR),form,Medical Oncology | Oncology Pharmacy | Day Care / Infusion Nurse,CCA_Oncology_HIS_EMR_PRD_Part5_C-DayCare-Toxicity-Oral.md,Supplied PRD source,Executable PC4 schema + API + role-scoped UI + persistence/version lifecycle
INT-NUR-200,C.12 Day Care / MAR,Administration Record (the MAR),named product/safety rule,Medical Oncology | Oncology Pharmacy | Day Care / Infusion Nurse,CCA_Oncology_HIS_EMR_PRD_Part5_C-DayCare-Toxicity-Oral.md,Supplied PRD source,Attached to owning executable screen; source text visible in PRD viewer; enforced by generic lifecycle/RBAC and specific guards where machine-checkable
MAR-001,C.12 Day Care / MAR,Administration Record (the MAR),named product/safety rule,Medical Oncology | Oncology Pharmacy | Day Care / Infusion Nurse,CCA_Oncology_HIS_EMR_PRD_Part5_C-DayCare-Toxicity-Oral.md,Supplied PRD source,Attached to owning executable screen; source text visible in PRD viewer; enforced by generic lifecycle/RBAC and specific guards where machine-checkable
MAR-002,C.12 Day Care / MAR,Administration Record (the MAR),named product/safety rule,Medical Oncology | Oncology Pharmacy | Day Care / Infusion Nurse,CCA_Oncology_HIS_EMR_PRD_Part5_C-DayCare-Toxicity-Oral.md,Supplied PRD source,Attached to owning executable screen; source text visible in PRD viewer; enforced by generic lifecycle/RBAC and specific guards where machine-checkable
MAR-004,C.12 Day Care / MAR,Administration Record (the MAR),named product/safety rule,Medical Oncology | Oncology Pharmacy | Day Care / Infusion Nurse,CCA_Oncology_HIS_EMR_PRD_Part5_C-DayCare-Toxicity-Oral.md,Supplied PRD source,Attached to owning executable screen; source text visible in PRD viewer; enforced by generic lifecycle/RBAC and specific guards where machine-checkable
MAR-006,C.12 Day Care / MAR,Administration Record (the MAR),named product/safety rule,Medical Oncology | Oncology Pharmacy | Day Care / Infusion Nurse,CCA_Oncology_HIS_EMR_PRD_Part5_C-DayCare-Toxicity-Oral.md,Supplied PRD source,Attached to owning executable screen; source text visible in PRD viewer; enforced by generic lifecycle/RBAC and specific guards where machine-checkable
MAR-010,C.12 Day Care / MAR,Administration Record (the MAR),named product/safety rule,Medical Oncology | Oncology Pharmacy | Day Care / Infusion Nurse,CCA_Oncology_HIS_EMR_PRD_Part5_C-DayCare-Toxicity-Oral.md,Supplied PRD source,Attached to owning executable screen; source text visible in PRD viewer; enforced by generic lifecycle/RBAC and specific guards where machine-checkable
MAR-012,C.12 Day Care / MAR,Administration Record (the MAR),named product/safety rule,Medical Oncology | Oncology Pharmacy | Day Care / Infusion Nurse,CCA_Oncology_HIS_EMR_PRD_Part5_C-DayCare-Toxicity-Oral.md,Supplied PRD source,Attached to owning executable screen; source text visible in PRD viewer; enforced by generic lifecycle/RBAC and specific guards where machine-checkable
MAR-017,C.12 Day Care / MAR,Administration Record (the MAR),named product/safety rule,Medical Oncology | Oncology Pharmacy | Day Care / Infusion Nurse,CCA_Oncology_HIS_EMR_PRD_Part5_C-DayCare-Toxicity-Oral.md,Supplied PRD source,Attached to owning executable screen; source text visible in PRD viewer; enforced by generic lifecycle/RBAC and specific guards where machine-checkable
MAR-018,C.12 Day Care / MAR,Administration Record (the MAR),named product/safety rule,Medical Oncology | Oncology Pharmacy | Day Care / Infusion Nurse,CCA_Oncology_HIS_EMR_PRD_Part5_C-DayCare-Toxicity-Oral.md,Supplied PRD source,Attached to owning executable screen; source text visible in PRD viewer; enforced by generic lifecycle/RBAC and specific guards where machine-checkable
MAR-019,C.12 Day Care / MAR,Administration Record (the MAR),named product/safety rule,Medical Oncology | Oncology Pharmacy | Day Care / Infusion Nurse,CCA_Oncology_HIS_EMR_PRD_Part5_C-DayCare-Toxicity-Oral.md,Supplied PRD source,Attached to owning executable screen; source text visible in PRD viewer; enforced by generic lifecycle/RBAC and specific guards where machine-checkable
MAR-020,C.12 Day Care / MAR,Administration Record (the MAR),named product/safety rule,Medical Oncology | Oncology Pharmacy | Day Care / Infusion Nurse,CCA_Oncology_HIS_EMR_PRD_Part5_C-DayCare-Toxicity-Oral.md,Supplied PRD source,Attached to owning executable screen; source text visible in PRD viewer; enforced by generic lifecycle/RBAC and specific guards where machine-checkable
PHA-005,C.12 Day Care / MAR,Administration Record (the MAR),named product/safety rule,Medical Oncology | Oncology Pharmacy | Day Care / Infusion Nurse,CCA_Oncology_HIS_EMR_PRD_Part5_C-DayCare-Toxicity-Oral.md,Supplied PRD source,Attached to owning executable screen; source text visible in PRD viewer; enforced by generic lifecycle/RBAC and specific guards where machine-checkable
SCR-MAR-007,C.12 Day Care / MAR,"Interruption, Partial Administration & Variance",form,Day Care / Infusion Nurse,CCA_Oncology_HIS_EMR_PRD_Part5_C-DayCare-Toxicity-Oral.md,Supplied PRD source,Executable PC4 schema + API + role-scoped UI + persistence/version lifecycle
MAR-007,C.12 Day Care / MAR,"Interruption, Partial Administration & Variance",named product/safety rule,Day Care / Infusion Nurse,CCA_Oncology_HIS_EMR_PRD_Part5_C-DayCare-Toxicity-Oral.md,Supplied PRD source,Attached to owning executable screen; source text visible in PRD viewer; enforced by generic lifecycle/RBAC and specific guards where machine-checkable
SCR-MAR-008,C.12 Day Care / MAR,Infusion Reaction Management,form,Medical Oncology | Day Care / Infusion Nurse,CCA_Oncology_HIS_EMR_PRD_Part5_C-DayCare-Toxicity-Oral.md,Supplied PRD source,Executable PC4 schema + API + role-scoped UI + persistence/version lifecycle
MAR-008,C.12 Day Care / MAR,Infusion Reaction Management,named product/safety rule,Medical Oncology | Day Care / Infusion Nurse,CCA_Oncology_HIS_EMR_PRD_Part5_C-DayCare-Toxicity-Oral.md,Supplied PRD source,Attached to owning executable screen; source text visible in PRD viewer; enforced by generic lifecycle/RBAC and specific guards where machine-checkable
MAR-021,C.12 Day Care / MAR,Infusion Reaction Management,named product/safety rule,Medical Oncology | Day Care / Infusion Nurse,CCA_Oncology_HIS_EMR_PRD_Part5_C-DayCare-Toxicity-Oral.md,Supplied PRD source,Attached to owning executable screen; source text visible in PRD viewer; enforced by generic lifecycle/RBAC and specific guards where machine-checkable
MAR-022,C.12 Day Care / MAR,Infusion Reaction Management,named product/safety rule,Medical Oncology | Day Care / Infusion Nurse,CCA_Oncology_HIS_EMR_PRD_Part5_C-DayCare-Toxicity-Oral.md,Supplied PRD source,Attached to owning executable screen; source text visible in PRD viewer; enforced by generic lifecycle/RBAC and specific guards where machine-checkable
MAR-023,C.12 Day Care / MAR,Infusion Reaction Management,named product/safety rule,Medical Oncology | Day Care / Infusion Nurse,CCA_Oncology_HIS_EMR_PRD_Part5_C-DayCare-Toxicity-Oral.md,Supplied PRD source,Attached to owning executable screen; source text visible in PRD viewer; enforced by generic lifecycle/RBAC and specific guards where machine-checkable
SCR-MAR-009,C.12 Day Care / MAR,Extravasation Management,form,Day Care / Infusion Nurse,CCA_Oncology_HIS_EMR_PRD_Part5_C-DayCare-Toxicity-Oral.md,Supplied PRD source,Executable PC4 schema + API + role-scoped UI + persistence/version lifecycle
MAR-009,C.12 Day Care / MAR,Extravasation Management,named product/safety rule,Day Care / Infusion Nurse,CCA_Oncology_HIS_EMR_PRD_Part5_C-DayCare-Toxicity-Oral.md,Supplied PRD source,Attached to owning executable screen; source text visible in PRD viewer; enforced by generic lifecycle/RBAC and specific guards where machine-checkable
MAR-024,C.12 Day Care / MAR,Extravasation Management,named product/safety rule,Day Care / Infusion Nurse,CCA_Oncology_HIS_EMR_PRD_Part5_C-DayCare-Toxicity-Oral.md,Supplied PRD source,Attached to owning executable screen; source text visible in PRD viewer; enforced by generic lifecycle/RBAC and specific guards where machine-checkable
SCR-MAR-010,C.12 Day Care / MAR,Post-Treatment Observation,form,Day Care / Infusion Nurse,CCA_Oncology_HIS_EMR_PRD_Part5_C-DayCare-Toxicity-Oral.md,Supplied PRD source,Executable PC4 schema + API + role-scoped UI + persistence/version lifecycle
MAR-010,C.12 Day Care / MAR,Post-Treatment Observation,named product/safety rule,Day Care / Infusion Nurse,CCA_Oncology_HIS_EMR_PRD_Part5_C-DayCare-Toxicity-Oral.md,Supplied PRD source,Attached to owning executable screen; source text visible in PRD viewer; enforced by generic lifecycle/RBAC and specific guards where machine-checkable
SCR-MAR-011,C.12 Day Care / MAR,Discharge from Day Care,form,Day Care / Infusion Nurse,CCA_Oncology_HIS_EMR_PRD_Part5_C-DayCare-Toxicity-Oral.md,Supplied PRD source,Executable PC4 schema + API + role-scoped UI + persistence/version lifecycle
MAR-011,C.12 Day Care / MAR,Discharge from Day Care,named product/safety rule,Day Care / Infusion Nurse,CCA_Oncology_HIS_EMR_PRD_Part5_C-DayCare-Toxicity-Oral.md,Supplied PRD source,Attached to owning executable screen; source text visible in PRD viewer; enforced by generic lifecycle/RBAC and specific guards where machine-checkable
MAR-025,C.12 Day Care / MAR,Discharge from Day Care,named product/safety rule,Day Care / Infusion Nurse,CCA_Oncology_HIS_EMR_PRD_Part5_C-DayCare-Toxicity-Oral.md,Supplied PRD source,Attached to owning executable screen; source text visible in PRD viewer; enforced by generic lifecycle/RBAC and specific guards where machine-checkable
NAV-130,C.12 Day Care / MAR,Discharge from Day Care,named product/safety rule,Day Care / Infusion Nurse,CCA_Oncology_HIS_EMR_PRD_Part5_C-DayCare-Toxicity-Oral.md,Supplied PRD source,Attached to owning executable screen; source text visible in PRD viewer; enforced by generic lifecycle/RBAC and specific guards where machine-checkable
REG-FD-120,C.12 Day Care / MAR,Discharge from Day Care,named product/safety rule,Day Care / Infusion Nurse,CCA_Oncology_HIS_EMR_PRD_Part5_C-DayCare-Toxicity-Oral.md,Supplied PRD source,Attached to owning executable screen; source text visible in PRD viewer; enforced by generic lifecycle/RBAC and specific guards where machine-checkable
SCR-MAR-012,C.12 Day Care / MAR,Infusion Nursing Note (assembled & signed),form,Day Care / Infusion Nurse,CCA_Oncology_HIS_EMR_PRD_Part5_C-DayCare-Toxicity-Oral.md,Supplied PRD source,Executable PC4 schema + API + role-scoped UI + persistence/version lifecycle
MAR-012,C.12 Day Care / MAR,Infusion Nursing Note (assembled & signed),named product/safety rule,Day Care / Infusion Nurse,CCA_Oncology_HIS_EMR_PRD_Part5_C-DayCare-Toxicity-Oral.md,Supplied PRD source,Attached to owning executable screen; source text visible in PRD viewer; enforced by generic lifecycle/RBAC and specific guards where machine-checkable
MAR-026,C.12 Day Care / MAR,Infusion Nursing Note (assembled & signed),named product/safety rule,Day Care / Infusion Nurse,CCA_Oncology_HIS_EMR_PRD_Part5_C-DayCare-Toxicity-Oral.md,Supplied PRD source,Attached to owning executable screen; source text visible in PRD viewer; enforced by generic lifecycle/RBAC and specific guards where machine-checkable
SCR-MAR-013,C.12 Day Care / MAR,Live Infusion Board,worklist,Day Care / Infusion Nurse,CCA_Oncology_HIS_EMR_PRD_Part5_C-DayCare-Toxicity-Oral.md,Supplied PRD source,Executable PC4 schema + API + role-scoped UI + persistence/version lifecycle
MAR-013,C.12 Day Care / MAR,Live Infusion Board,named product/safety rule,Day Care / Infusion Nurse,CCA_Oncology_HIS_EMR_PRD_Part5_C-DayCare-Toxicity-Oral.md,Supplied PRD source,Attached to owning executable screen; source text visible in PRD viewer; enforced by generic lifecycle/RBAC and specific guards where machine-checkable
MAR-020,C.12 Day Care / MAR,Live Infusion Board,named product/safety rule,Day Care / Infusion Nurse,CCA_Oncology_HIS_EMR_PRD_Part5_C-DayCare-Toxicity-Oral.md,Supplied PRD source,Attached to owning executable screen; source text visible in PRD viewer; enforced by generic lifecycle/RBAC and specific guards where machine-checkable
SCR-TOX-001,C.13 Toxicity / Adverse Events,Toxicity Register & Timeline,worklist,Inpatient Oncology Clinician,CCA_Oncology_HIS_EMR_PRD_Part5_C-DayCare-Toxicity-Oral.md,Supplied PRD source,Executable PC4 schema + API + role-scoped UI + persistence/version lifecycle
TOX-001,C.13 Toxicity / Adverse Events,Toxicity Register & Timeline,named product/safety rule,Inpatient Oncology Clinician,CCA_Oncology_HIS_EMR_PRD_Part5_C-DayCare-Toxicity-Oral.md,Supplied PRD source,Attached to owning executable screen; source text visible in PRD viewer; enforced by generic lifecycle/RBAC and specific guards where machine-checkable
TOX-010,C.13 Toxicity / Adverse Events,Toxicity Register & Timeline,named product/safety rule,Inpatient Oncology Clinician,CCA_Oncology_HIS_EMR_PRD_Part5_C-DayCare-Toxicity-Oral.md,Supplied PRD source,Attached to owning executable screen; source text visible in PRD viewer; enforced by generic lifecycle/RBAC and specific guards where machine-checkable
SCR-TOX-002,C.13 Toxicity / Adverse Events,Toxicity Entry & Grading,form,Medical Oncology | Day Care / Infusion Nurse | Inpatient Oncology Nurse | Inpatient Oncology Clinician,CCA_Oncology_HIS_EMR_PRD_Part5_C-DayCare-Toxicity-Oral.md,Supplied PRD source,Executable PC4 schema + API + role-scoped UI + persistence/version lifecycle
TOX-002,C.13 Toxicity / Adverse Events,Toxicity Entry & Grading,named product/safety rule,Medical Oncology | Day Care / Infusion Nurse | Inpatient Oncology Nurse | Inpatient Oncology Clinician,CCA_Oncology_HIS_EMR_PRD_Part5_C-DayCare-Toxicity-Oral.md,Supplied PRD source,Attached to owning executable screen; source text visible in PRD viewer; enforced by generic lifecycle/RBAC and specific guards where machine-checkable
TOX-004,C.13 Toxicity / Adverse Events,Toxicity Entry & Grading,named product/safety rule,Medical Oncology | Day Care / Infusion Nurse | Inpatient Oncology Nurse | Inpatient Oncology Clinician,CCA_Oncology_HIS_EMR_PRD_Part5_C-DayCare-Toxicity-Oral.md,Supplied PRD source,Attached to owning executable screen; source text visible in PRD viewer; enforced by generic lifecycle/RBAC and specific guards where machine-checkable
TOX-020,C.13 Toxicity / Adverse Events,Toxicity Entry & Grading,named product/safety rule,Medical Oncology | Day Care / Infusion Nurse | Inpatient Oncology Nurse | Inpatient Oncology Clinician,CCA_Oncology_HIS_EMR_PRD_Part5_C-DayCare-Toxicity-Oral.md,Supplied PRD source,Attached to owning executable screen; source text visible in PRD viewer; enforced by generic lifecycle/RBAC and specific guards where machine-checkable
SCR-TOX-003,C.13 Toxicity / Adverse Events,Toxicity Review Note,form,Medical Oncology | Day Care / Infusion Nurse | Inpatient Oncology Nurse | Inpatient Oncology Clinician,CCA_Oncology_HIS_EMR_PRD_Part5_C-DayCare-Toxicity-Oral.md,Supplied PRD source,Executable PC4 schema + API + role-scoped UI + persistence/version lifecycle
TOX-003,C.13 Toxicity / Adverse Events,Toxicity Review Note,named product/safety rule,Medical Oncology | Day Care / Infusion Nurse | Inpatient Oncology Nurse | Inpatient Oncology Clinician,CCA_Oncology_HIS_EMR_PRD_Part5_C-DayCare-Toxicity-Oral.md,Supplied PRD source,Attached to owning executable screen; source text visible in PRD viewer; enforced by generic lifecycle/RBAC and specific guards where machine-checkable
SCR-TOX-004,C.13 Toxicity / Adverse Events,Serious / Reportable Adverse Event,form,Medical Oncology | Day Care / Infusion Nurse | Inpatient Oncology Nurse | Inpatient Oncology Clinician,CCA_Oncology_HIS_EMR_PRD_Part5_C-DayCare-Toxicity-Oral.md,Supplied PRD source,Executable PC4 schema + API + role-scoped UI + persistence/version lifecycle
TOX-004,C.13 Toxicity / Adverse Events,Serious / Reportable Adverse Event,named product/safety rule,Medical Oncology | Day Care / Infusion Nurse | Inpatient Oncology Nurse | Inpatient Oncology Clinician,CCA_Oncology_HIS_EMR_PRD_Part5_C-DayCare-Toxicity-Oral.md,Supplied PRD source,Attached to owning executable screen; source text visible in PRD viewer; enforced by generic lifecycle/RBAC and specific guards where machine-checkable
SCR-ORL-001,C.14 Oral / Continuous Therapy,Oral Therapy Prescription,form,Medical Oncology | Oncology Pharmacy,CCA_Oncology_HIS_EMR_PRD_Part5_C-DayCare-Toxicity-Oral.md,Supplied PRD source,Executable PC4 schema + API + role-scoped UI + persistence/version lifecycle
ORL-001,C.14 Oral / Continuous Therapy,Oral Therapy Prescription,named product/safety rule,Medical Oncology | Oncology Pharmacy,CCA_Oncology_HIS_EMR_PRD_Part5_C-DayCare-Toxicity-Oral.md,Supplied PRD source,Attached to owning executable screen; source text visible in PRD viewer; enforced by generic lifecycle/RBAC and specific guards where machine-checkable
ORL-010,C.14 Oral / Continuous Therapy,Oral Therapy Prescription,named product/safety rule,Medical Oncology | Oncology Pharmacy,CCA_Oncology_HIS_EMR_PRD_Part5_C-DayCare-Toxicity-Oral.md,Supplied PRD source,Attached to owning executable screen; source text visible in PRD viewer; enforced by generic lifecycle/RBAC and specific guards where machine-checkable
ORL-020,C.14 Oral / Continuous Therapy,Oral Therapy Prescription,named product/safety rule,Medical Oncology | Oncology Pharmacy,CCA_Oncology_HIS_EMR_PRD_Part5_C-DayCare-Toxicity-Oral.md,Supplied PRD source,Attached to owning executable screen; source text visible in PRD viewer; enforced by generic lifecycle/RBAC and specific guards where machine-checkable
ORL-030,C.14 Oral / Continuous Therapy,Oral Therapy Prescription,named product/safety rule,Medical Oncology | Oncology Pharmacy,CCA_Oncology_HIS_EMR_PRD_Part5_C-DayCare-Toxicity-Oral.md,Supplied PRD source,Attached to owning executable screen; source text visible in PRD viewer; enforced by generic lifecycle/RBAC and specific guards where machine-checkable
ORL-040,C.14 Oral / Continuous Therapy,Oral Therapy Prescription,named product/safety rule,Medical Oncology | Oncology Pharmacy,CCA_Oncology_HIS_EMR_PRD_Part5_C-DayCare-Toxicity-Oral.md,Supplied PRD source,Attached to owning executable screen; source text visible in PRD viewer; enforced by generic lifecycle/RBAC and specific guards where machine-checkable
SCR-ORL-002,C.14 Oral / Continuous Therapy,Oral Therapy Counselling,form,Medical Oncology,CCA_Oncology_HIS_EMR_PRD_Part5_C-DayCare-Toxicity-Oral.md,Supplied PRD source,Executable PC4 schema + API + role-scoped UI + persistence/version lifecycle
ORL-002,C.14 Oral / Continuous Therapy,Oral Therapy Counselling,named product/safety rule,Medical Oncology,CCA_Oncology_HIS_EMR_PRD_Part5_C-DayCare-Toxicity-Oral.md,Supplied PRD source,Attached to owning executable screen; source text visible in PRD viewer; enforced by generic lifecycle/RBAC and specific guards where machine-checkable
ORL-050,C.14 Oral / Continuous Therapy,Oral Therapy Counselling,named product/safety rule,Medical Oncology,CCA_Oncology_HIS_EMR_PRD_Part5_C-DayCare-Toxicity-Oral.md,Supplied PRD source,Attached to owning executable screen; source text visible in PRD viewer; enforced by generic lifecycle/RBAC and specific guards where machine-checkable
SCR-ORL-003,C.14 Oral / Continuous Therapy,Dispensing & Refill,form,Medical Oncology | Oncology Pharmacy,CCA_Oncology_HIS_EMR_PRD_Part5_C-DayCare-Toxicity-Oral.md,Supplied PRD source,Executable PC4 schema + API + role-scoped UI + persistence/version lifecycle
ORL-003,C.14 Oral / Continuous Therapy,Dispensing & Refill,named product/safety rule,Medical Oncology | Oncology Pharmacy,CCA_Oncology_HIS_EMR_PRD_Part5_C-DayCare-Toxicity-Oral.md,Supplied PRD source,Attached to owning executable screen; source text visible in PRD viewer; enforced by generic lifecycle/RBAC and specific guards where machine-checkable
ORL-060,C.14 Oral / Continuous Therapy,Dispensing & Refill,named product/safety rule,Medical Oncology | Oncology Pharmacy,CCA_Oncology_HIS_EMR_PRD_Part5_C-DayCare-Toxicity-Oral.md,Supplied PRD source,Attached to owning executable screen; source text visible in PRD viewer; enforced by generic lifecycle/RBAC and specific guards where machine-checkable
SCR-ORL-004,C.14 Oral / Continuous Therapy,Adherence & Toxicity Review,form,Medical Oncology,CCA_Oncology_HIS_EMR_PRD_Part5_C-DayCare-Toxicity-Oral.md,Supplied PRD source,Executable PC4 schema + API + role-scoped UI + persistence/version lifecycle
ORL-004,C.14 Oral / Continuous Therapy,Adherence & Toxicity Review,named product/safety rule,Medical Oncology,CCA_Oncology_HIS_EMR_PRD_Part5_C-DayCare-Toxicity-Oral.md,Supplied PRD source,Attached to owning executable screen; source text visible in PRD viewer; enforced by generic lifecycle/RBAC and specific guards where machine-checkable
TOX-002,C.14 Oral / Continuous Therapy,Adherence & Toxicity Review,named product/safety rule,Medical Oncology,CCA_Oncology_HIS_EMR_PRD_Part5_C-DayCare-Toxicity-Oral.md,Supplied PRD source,Attached to owning executable screen; source text visible in PRD viewer; enforced by generic lifecycle/RBAC and specific guards where machine-checkable
SCR-ORL-005,C.14 Oral / Continuous Therapy,Oral Therapy Hold / Restart / Discontinue,form,Medical Oncology,CCA_Oncology_HIS_EMR_PRD_Part5_C-DayCare-Toxicity-Oral.md,Supplied PRD source,Executable PC4 schema + API + role-scoped UI + persistence/version lifecycle
ORL-005,C.14 Oral / Continuous Therapy,Oral Therapy Hold / Restart / Discontinue,named product/safety rule,Medical Oncology,CCA_Oncology_HIS_EMR_PRD_Part5_C-DayCare-Toxicity-Oral.md,Supplied PRD source,Attached to owning executable screen; source text visible in PRD viewer; enforced by generic lifecycle/RBAC and specific guards where machine-checkable
ORL-070,C.14 Oral / Continuous Therapy,Oral Therapy Hold / Restart / Discontinue,named product/safety rule,Medical Oncology,CCA_Oncology_HIS_EMR_PRD_Part5_C-DayCare-Toxicity-Oral.md,Supplied PRD source,Attached to owning executable screen; source text visible in PRD viewer; enforced by generic lifecycle/RBAC and specific guards where machine-checkable
SCR-RO-001,C.15 Radiation Oncology,RO Worklist / Pathway Board,worklist,Radiation Oncology | Radiation Physicist | Radiation Dosimetrist / Planner,Pasted markdown(20260905-181629).md,Supplied PRD source,Executable PC4 schema + API + role-scoped UI + persistence/version lifecycle
PHY-011,C.15 Radiation Oncology,RO Worklist / Pathway Board,named product/safety rule,Radiation Oncology | Radiation Physicist | Radiation Dosimetrist / Planner,Pasted markdown(20260905-181629).md,Supplied PRD source,Attached to owning executable screen; source text visible in PRD viewer; enforced by generic lifecycle/RBAC and specific guards where machine-checkable
RO-001,C.15 Radiation Oncology,RO Worklist / Pathway Board,named product/safety rule,Radiation Oncology | Radiation Physicist | Radiation Dosimetrist / Planner,Pasted markdown(20260905-181629).md,Supplied PRD source,Attached to owning executable screen; source text visible in PRD viewer; enforced by generic lifecycle/RBAC and specific guards where machine-checkable
SCR-RO-002,C.15 Radiation Oncology,Radiation Oncology Consultation,form,Radiation Oncology,Pasted markdown(20260905-181629).md,Supplied PRD source,Executable PC4 schema + API + role-scoped UI + persistence/version lifecycle
RO-002,C.15 Radiation Oncology,Radiation Oncology Consultation,named product/safety rule,Radiation Oncology,Pasted markdown(20260905-181629).md,Supplied PRD source,Attached to owning executable screen; source text visible in PRD viewer; enforced by generic lifecycle/RBAC and specific guards where machine-checkable
RO-003,C.15 Radiation Oncology,Radiation Oncology Consultation,named product/safety rule,Radiation Oncology,Pasted markdown(20260905-181629).md,Supplied PRD source,Attached to owning executable screen; source text visible in PRD viewer; enforced by generic lifecycle/RBAC and specific guards where machine-checkable
RO-010,C.15 Radiation Oncology,Radiation Oncology Consultation,named product/safety rule,Radiation Oncology,Pasted markdown(20260905-181629).md,Supplied PRD source,Attached to owning executable screen; source text visible in PRD viewer; enforced by generic lifecycle/RBAC and specific guards where machine-checkable
RO-020,C.15 Radiation Oncology,Radiation Oncology Consultation,named product/safety rule,Radiation Oncology,Pasted markdown(20260905-181629).md,Supplied PRD source,Attached to owning executable screen; source text visible in PRD viewer; enforced by generic lifecycle/RBAC and specific guards where machine-checkable
SCR-RO-003,C.15 Radiation Oncology,RT Prescription,form,Radiation Oncology,Pasted markdown(20260905-181629).md,Supplied PRD source,Executable PC4 schema + API + role-scoped UI + persistence/version lifecycle
PHY-002,C.15 Radiation Oncology,RT Prescription,named product/safety rule,Radiation Oncology,Pasted markdown(20260905-181629).md,Supplied PRD source,Attached to owning executable screen; source text visible in PRD viewer; enforced by generic lifecycle/RBAC and specific guards where machine-checkable
PHY-010,C.15 Radiation Oncology,RT Prescription,named product/safety rule,Radiation Oncology,Pasted markdown(20260905-181629).md,Supplied PRD source,Attached to owning executable screen; source text visible in PRD viewer; enforced by generic lifecycle/RBAC and specific guards where machine-checkable
RO-003,C.15 Radiation Oncology,RT Prescription,named product/safety rule,Radiation Oncology,Pasted markdown(20260905-181629).md,Supplied PRD source,Attached to owning executable screen; source text visible in PRD viewer; enforced by generic lifecycle/RBAC and specific guards where machine-checkable
RO-030,C.15 Radiation Oncology,RT Prescription,named product/safety rule,Radiation Oncology,Pasted markdown(20260905-181629).md,Supplied PRD source,Attached to owning executable screen; source text visible in PRD viewer; enforced by generic lifecycle/RBAC and specific guards where machine-checkable
RO-040,C.15 Radiation Oncology,RT Prescription,named product/safety rule,Radiation Oncology,Pasted markdown(20260905-181629).md,Supplied PRD source,Attached to owning executable screen; source text visible in PRD viewer; enforced by generic lifecycle/RBAC and specific guards where machine-checkable
RO-050,C.15 Radiation Oncology,RT Prescription,named product/safety rule,Radiation Oncology,Pasted markdown(20260905-181629).md,Supplied PRD source,Attached to owning executable screen; source text visible in PRD viewer; enforced by generic lifecycle/RBAC and specific guards where machine-checkable
RO-060,C.15 Radiation Oncology,RT Prescription,named product/safety rule,Radiation Oncology,Pasted markdown(20260905-181629).md,Supplied PRD source,Attached to owning executable screen; source text visible in PRD viewer; enforced by generic lifecycle/RBAC and specific guards where machine-checkable
RO-070,C.15 Radiation Oncology,RT Prescription,named product/safety rule,Radiation Oncology,Pasted markdown(20260905-181629).md,Supplied PRD source,Attached to owning executable screen; source text visible in PRD viewer; enforced by generic lifecycle/RBAC and specific guards where machine-checkable
RO-080,C.15 Radiation Oncology,RT Prescription,named product/safety rule,Radiation Oncology,Pasted markdown(20260905-181629).md,Supplied PRD source,Attached to owning executable screen; source text visible in PRD viewer; enforced by generic lifecycle/RBAC and specific guards where machine-checkable
RTT-010,C.15 Radiation Oncology,RT Prescription,named product/safety rule,Radiation Oncology,Pasted markdown(20260905-181629).md,Supplied PRD source,Attached to owning executable screen; source text visible in PRD viewer; enforced by generic lifecycle/RBAC and specific guards where machine-checkable
SCR-RO-004,C.15 Radiation Oncology,Simulation Request & CT-Simulation Record,form,Radiation Oncology,Pasted markdown(20260905-181629).md,Supplied PRD source,Executable PC4 schema + API + role-scoped UI + persistence/version lifecycle
RO-004,C.15 Radiation Oncology,Simulation Request & CT-Simulation Record,named product/safety rule,Radiation Oncology,Pasted markdown(20260905-181629).md,Supplied PRD source,Attached to owning executable screen; source text visible in PRD viewer; enforced by generic lifecycle/RBAC and specific guards where machine-checkable
RO-005,C.15 Radiation Oncology,Simulation Request & CT-Simulation Record,named product/safety rule,Radiation Oncology,Pasted markdown(20260905-181629).md,Supplied PRD source,Attached to owning executable screen; source text visible in PRD viewer; enforced by generic lifecycle/RBAC and specific guards where machine-checkable
RO-090,C.15 Radiation Oncology,Simulation Request & CT-Simulation Record,named product/safety rule,Radiation Oncology,Pasted markdown(20260905-181629).md,Supplied PRD source,Attached to owning executable screen; source text visible in PRD viewer; enforced by generic lifecycle/RBAC and specific guards where machine-checkable
RTT-003,C.15 Radiation Oncology,Simulation Request & CT-Simulation Record,named product/safety rule,Radiation Oncology,Pasted markdown(20260905-181629).md,Supplied PRD source,Attached to owning executable screen; source text visible in PRD viewer; enforced by generic lifecycle/RBAC and specific guards where machine-checkable
SCR-RO-005,C.15 Radiation Oncology,Contouring / Structure Set,form,Radiation Oncology | Radiation Physicist | Radiation Dosimetrist / Planner,Pasted markdown(20260905-181629).md,Supplied PRD source,Executable PC4 schema + API + role-scoped UI + persistence/version lifecycle
RO-005,C.15 Radiation Oncology,Contouring / Structure Set,named product/safety rule,Radiation Oncology | Radiation Physicist | Radiation Dosimetrist / Planner,Pasted markdown(20260905-181629).md,Supplied PRD source,Attached to owning executable screen; source text visible in PRD viewer; enforced by generic lifecycle/RBAC and specific guards where machine-checkable
RO-040,C.15 Radiation Oncology,Contouring / Structure Set,named product/safety rule,Radiation Oncology | Radiation Physicist | Radiation Dosimetrist / Planner,Pasted markdown(20260905-181629).md,Supplied PRD source,Attached to owning executable screen; source text visible in PRD viewer; enforced by generic lifecycle/RBAC and specific guards where machine-checkable
RO-080,C.15 Radiation Oncology,Contouring / Structure Set,named product/safety rule,Radiation Oncology | Radiation Physicist | Radiation Dosimetrist / Planner,Pasted markdown(20260905-181629).md,Supplied PRD source,Attached to owning executable screen; source text visible in PRD viewer; enforced by generic lifecycle/RBAC and specific guards where machine-checkable
RO-100,C.15 Radiation Oncology,Contouring / Structure Set,named product/safety rule,Radiation Oncology | Radiation Physicist | Radiation Dosimetrist / Planner,Pasted markdown(20260905-181629).md,Supplied PRD source,Attached to owning executable screen; source text visible in PRD viewer; enforced by generic lifecycle/RBAC and specific guards where machine-checkable
RO-110,C.15 Radiation Oncology,Contouring / Structure Set,named product/safety rule,Radiation Oncology | Radiation Physicist | Radiation Dosimetrist / Planner,Pasted markdown(20260905-181629).md,Supplied PRD source,Attached to owning executable screen; source text visible in PRD viewer; enforced by generic lifecycle/RBAC and specific guards where machine-checkable
SCR-RO-006,C.15 Radiation Oncology,Treatment Planning Record,form,Radiation Oncology | Radiation Physicist | Radiation Dosimetrist / Planner,Pasted markdown(20260905-181629).md,Supplied PRD source,Executable PC4 schema + API + role-scoped UI + persistence/version lifecycle
RO-006,C.15 Radiation Oncology,Treatment Planning Record,named product/safety rule,Radiation Oncology | Radiation Physicist | Radiation Dosimetrist / Planner,Pasted markdown(20260905-181629).md,Supplied PRD source,Attached to owning executable screen; source text visible in PRD viewer; enforced by generic lifecycle/RBAC and specific guards where machine-checkable
RO-007,C.15 Radiation Oncology,Treatment Planning Record,named product/safety rule,Radiation Oncology | Radiation Physicist | Radiation Dosimetrist / Planner,Pasted markdown(20260905-181629).md,Supplied PRD source,Attached to owning executable screen; source text visible in PRD viewer; enforced by generic lifecycle/RBAC and specific guards where machine-checkable
RO-120,C.15 Radiation Oncology,Treatment Planning Record,named product/safety rule,Radiation Oncology | Radiation Physicist | Radiation Dosimetrist / Planner,Pasted markdown(20260905-181629).md,Supplied PRD source,Attached to owning executable screen; source text visible in PRD viewer; enforced by generic lifecycle/RBAC and specific guards where machine-checkable
RO-130,C.15 Radiation Oncology,Treatment Planning Record,named product/safety rule,Radiation Oncology | Radiation Physicist | Radiation Dosimetrist / Planner,Pasted markdown(20260905-181629).md,Supplied PRD source,Attached to owning executable screen; source text visible in PRD viewer; enforced by generic lifecycle/RBAC and specific guards where machine-checkable
RO-140,C.15 Radiation Oncology,Treatment Planning Record,named product/safety rule,Radiation Oncology | Radiation Physicist | Radiation Dosimetrist / Planner,Pasted markdown(20260905-181629).md,Supplied PRD source,Attached to owning executable screen; source text visible in PRD viewer; enforced by generic lifecycle/RBAC and specific guards where machine-checkable
SCR-RO-007,C.15 Radiation Oncology,RO Plan Review & Approval,form,Radiation Oncology,Pasted markdown(20260905-181629).md,Supplied PRD source,Executable PC4 schema + API + role-scoped UI + persistence/version lifecycle
PHY-001,C.15 Radiation Oncology,RO Plan Review & Approval,named product/safety rule,Radiation Oncology,Pasted markdown(20260905-181629).md,Supplied PRD source,Attached to owning executable screen; source text visible in PRD viewer; enforced by generic lifecycle/RBAC and specific guards where machine-checkable
RO-007,C.15 Radiation Oncology,RO Plan Review & Approval,named product/safety rule,Radiation Oncology,Pasted markdown(20260905-181629).md,Supplied PRD source,Attached to owning executable screen; source text visible in PRD viewer; enforced by generic lifecycle/RBAC and specific guards where machine-checkable
SCR-RO-008,C.15 Radiation Oncology,Authorisation to Treat / Ready for Treatment,form,Radiation Oncology,Pasted markdown(20260905-181629).md,Supplied PRD source,Executable PC4 schema + API + role-scoped UI + persistence/version lifecycle
RO-008,C.15 Radiation Oncology,Authorisation to Treat / Ready for Treatment,named product/safety rule,Radiation Oncology,Pasted markdown(20260905-181629).md,Supplied PRD source,Attached to owning executable screen; source text visible in PRD viewer; enforced by generic lifecycle/RBAC and specific guards where machine-checkable
RTT-001,C.15 Radiation Oncology,Authorisation to Treat / Ready for Treatment,named product/safety rule,Radiation Oncology,Pasted markdown(20260905-181629).md,Supplied PRD source,Attached to owning executable screen; source text visible in PRD viewer; enforced by generic lifecycle/RBAC and specific guards where machine-checkable
SCR-RO-009,C.15 Radiation Oncology,Weekly On-Treatment Review (OTV),form,Radiation Oncology,Pasted markdown(20260905-181629).md,Supplied PRD source,Executable PC4 schema + API + role-scoped UI + persistence/version lifecycle
RO-003,C.15 Radiation Oncology,Weekly On-Treatment Review (OTV),named product/safety rule,Radiation Oncology,Pasted markdown(20260905-181629).md,Supplied PRD source,Attached to owning executable screen; source text visible in PRD viewer; enforced by generic lifecycle/RBAC and specific guards where machine-checkable
RO-009,C.15 Radiation Oncology,Weekly On-Treatment Review (OTV),named product/safety rule,Radiation Oncology,Pasted markdown(20260905-181629).md,Supplied PRD source,Attached to owning executable screen; source text visible in PRD viewer; enforced by generic lifecycle/RBAC and specific guards where machine-checkable
RO-150,C.15 Radiation Oncology,Weekly On-Treatment Review (OTV),named product/safety rule,Radiation Oncology,Pasted markdown(20260905-181629).md,Supplied PRD source,Attached to owning executable screen; source text visible in PRD viewer; enforced by generic lifecycle/RBAC and specific guards where machine-checkable
TOX-020,C.15 Radiation Oncology,Weekly On-Treatment Review (OTV),named product/safety rule,Radiation Oncology,Pasted markdown(20260905-181629).md,Supplied PRD source,Attached to owning executable screen; source text visible in PRD viewer; enforced by generic lifecycle/RBAC and specific guards where machine-checkable
SCR-RO-010,C.15 Radiation Oncology,Interruption & Gap Management,form,Radiation Oncology,Pasted markdown(20260905-181629).md,Supplied PRD source,Executable PC4 schema + API + role-scoped UI + persistence/version lifecycle
RO-010,C.15 Radiation Oncology,Interruption & Gap Management,named product/safety rule,Radiation Oncology,Pasted markdown(20260905-181629).md,Supplied PRD source,Attached to owning executable screen; source text visible in PRD viewer; enforced by generic lifecycle/RBAC and specific guards where machine-checkable
RO-160,C.15 Radiation Oncology,Interruption & Gap Management,named product/safety rule,Radiation Oncology,Pasted markdown(20260905-181629).md,Supplied PRD source,Attached to owning executable screen; source text visible in PRD viewer; enforced by generic lifecycle/RBAC and specific guards where machine-checkable
SCR-RO-011,C.15 Radiation Oncology,RT Completion Summary,form,Radiation Oncology,Pasted markdown(20260905-181629).md,Supplied PRD source,Executable PC4 schema + API + role-scoped UI + persistence/version lifecycle
RO-011,C.15 Radiation Oncology,RT Completion Summary,named product/safety rule,Radiation Oncology,Pasted markdown(20260905-181629).md,Supplied PRD source,Attached to owning executable screen; source text visible in PRD viewer; enforced by generic lifecycle/RBAC and specific guards where machine-checkable
SCR-RO-012,C.15 Radiation Oncology,RT Follow-Up Note,form,Radiation Oncology,Pasted markdown(20260905-181629).md,Supplied PRD source,Executable PC4 schema + API + role-scoped UI + persistence/version lifecycle
RO-012,C.15 Radiation Oncology,RT Follow-Up Note,named product/safety rule,Radiation Oncology,Pasted markdown(20260905-181629).md,Supplied PRD source,Attached to owning executable screen; source text visible in PRD viewer; enforced by generic lifecycle/RBAC and specific guards where machine-checkable
SCR-PHY-001,C.16 Radiation Physics,Physics QA Queue,worklist,Radiation Physicist,Pasted markdown(20260905-181629).md,Supplied PRD source,Executable PC4 schema + API + role-scoped UI + persistence/version lifecycle
PHY-001,C.16 Radiation Physics,Physics QA Queue,named product/safety rule,Radiation Physicist,Pasted markdown(20260905-181629).md,Supplied PRD source,Attached to owning executable screen; source text visible in PRD viewer; enforced by generic lifecycle/RBAC and specific guards where machine-checkable
RO-080,C.16 Radiation Physics,Physics QA Queue,named product/safety rule,Radiation Physicist,Pasted markdown(20260905-181629).md,Supplied PRD source,Attached to owning executable screen; source text visible in PRD viewer; enforced by generic lifecycle/RBAC and specific guards where machine-checkable
SCR-PHY-002,C.16 Radiation Physics,Prescription–Plan Concordance Check,form,Radiation Physicist,Pasted markdown(20260905-181629).md,Supplied PRD source,Executable PC4 schema + API + role-scoped UI + persistence/version lifecycle
PHY-002,C.16 Radiation Physics,Prescription–Plan Concordance Check,named product/safety rule,Radiation Physicist,Pasted markdown(20260905-181629).md,Supplied PRD source,Attached to owning executable screen; source text visible in PRD viewer; enforced by generic lifecycle/RBAC and specific guards where machine-checkable
PHY-020,C.16 Radiation Physics,Prescription–Plan Concordance Check,named product/safety rule,Radiation Physicist,Pasted markdown(20260905-181629).md,Supplied PRD source,Attached to owning executable screen; source text visible in PRD viewer; enforced by generic lifecycle/RBAC and specific guards where machine-checkable
SCR-PHY-003,C.16 Radiation Physics,Independent Dose / MU Verification,form,Radiation Physicist,Pasted markdown(20260905-181629).md,Supplied PRD source,Executable PC4 schema + API + role-scoped UI + persistence/version lifecycle
PHY-003,C.16 Radiation Physics,Independent Dose / MU Verification,named product/safety rule,Radiation Physicist,Pasted markdown(20260905-181629).md,Supplied PRD source,Attached to owning executable screen; source text visible in PRD viewer; enforced by generic lifecycle/RBAC and specific guards where machine-checkable
SCR-PHY-004,C.16 Radiation Physics,Constraint & Coverage Verification,form,Radiation Physicist,Pasted markdown(20260905-181629).md,Supplied PRD source,Executable PC4 schema + API + role-scoped UI + persistence/version lifecycle
PHY-004,C.16 Radiation Physics,Constraint & Coverage Verification,named product/safety rule,Radiation Physicist,Pasted markdown(20260905-181629).md,Supplied PRD source,Attached to owning executable screen; source text visible in PRD viewer; enforced by generic lifecycle/RBAC and specific guards where machine-checkable
RO-120,C.16 Radiation Physics,Constraint & Coverage Verification,named product/safety rule,Radiation Physicist,Pasted markdown(20260905-181629).md,Supplied PRD source,Attached to owning executable screen; source text visible in PRD viewer; enforced by generic lifecycle/RBAC and specific guards where machine-checkable
RO-140,C.16 Radiation Physics,Constraint & Coverage Verification,named product/safety rule,Radiation Physicist,Pasted markdown(20260905-181629).md,Supplied PRD source,Attached to owning executable screen; source text visible in PRD viewer; enforced by generic lifecycle/RBAC and specific guards where machine-checkable
SCR-PHY-005,C.16 Radiation Physics,Deliverability & Machine Parameter Check,form,Radiation Physicist,Pasted markdown(20260905-181629).md,Supplied PRD source,Executable PC4 schema + API + role-scoped UI + persistence/version lifecycle
PHY-005,C.16 Radiation Physics,Deliverability & Machine Parameter Check,named product/safety rule,Radiation Physicist,Pasted markdown(20260905-181629).md,Supplied PRD source,Attached to owning executable screen; source text visible in PRD viewer; enforced by generic lifecycle/RBAC and specific guards where machine-checkable
PHY-030,C.16 Radiation Physics,Deliverability & Machine Parameter Check,named product/safety rule,Radiation Physicist,Pasted markdown(20260905-181629).md,Supplied PRD source,Attached to owning executable screen; source text visible in PRD viewer; enforced by generic lifecycle/RBAC and specific guards where machine-checkable
SCR-PHY-006,C.16 Radiation Physics,Patient-Specific QA Measurement,form,Radiation Physicist,Pasted markdown(20260905-181629).md,Supplied PRD source,Executable PC4 schema + API + role-scoped UI + persistence/version lifecycle
PHY-006,C.16 Radiation Physics,Patient-Specific QA Measurement,named product/safety rule,Radiation Physicist,Pasted markdown(20260905-181629).md,Supplied PRD source,Attached to owning executable screen; source text visible in PRD viewer; enforced by generic lifecycle/RBAC and specific guards where machine-checkable
SCR-PHY-007,C.16 Radiation Physics,Discrepancy Record,form,Radiation Physicist,Pasted markdown(20260905-181629).md,Supplied PRD source,Executable PC4 schema + API + role-scoped UI + persistence/version lifecycle
PHY-007,C.16 Radiation Physics,Discrepancy Record,named product/safety rule,Radiation Physicist,Pasted markdown(20260905-181629).md,Supplied PRD source,Attached to owning executable screen; source text visible in PRD viewer; enforced by generic lifecycle/RBAC and specific guards where machine-checkable
SCR-PHY-008,C.16 Radiation Physics,QA Sign-off & Plan Release,form,Radiation Physicist,Pasted markdown(20260905-181629).md,Supplied PRD source,Executable PC4 schema + API + role-scoped UI + persistence/version lifecycle
PHY-008,C.16 Radiation Physics,QA Sign-off & Plan Release,named product/safety rule,Radiation Physicist,Pasted markdown(20260905-181629).md,Supplied PRD source,Attached to owning executable screen; source text visible in PRD viewer; enforced by generic lifecycle/RBAC and specific guards where machine-checkable
PHY-040,C.16 Radiation Physics,QA Sign-off & Plan Release,named product/safety rule,Radiation Physicist,Pasted markdown(20260905-181629).md,Supplied PRD source,Attached to owning executable screen; source text visible in PRD viewer; enforced by generic lifecycle/RBAC and specific guards where machine-checkable
PHY-181,C.16 Radiation Physics,QA Sign-off & Plan Release,named product/safety rule,Radiation Physicist,Pasted markdown(20260905-181629).md,Supplied PRD source,Attached to owning executable screen; source text visible in PRD viewer; enforced by generic lifecycle/RBAC and specific guards where machine-checkable
RO-008,C.16 Radiation Physics,QA Sign-off & Plan Release,named product/safety rule,Radiation Physicist,Pasted markdown(20260905-181629).md,Supplied PRD source,Attached to owning executable screen; source text visible in PRD viewer; enforced by generic lifecycle/RBAC and specific guards where machine-checkable
SCR-PHY-009,C.16 Radiation Physics,Equipment QA Register,worklist,Radiation Physicist,Pasted markdown(20260905-181629).md,Supplied PRD source,Executable PC4 schema + API + role-scoped UI + persistence/version lifecycle
PHY-009,C.16 Radiation Physics,Equipment QA Register,named product/safety rule,Radiation Physicist,Pasted markdown(20260905-181629).md,Supplied PRD source,Attached to owning executable screen; source text visible in PRD viewer; enforced by generic lifecycle/RBAC and specific guards where machine-checkable
PHY-050,C.16 Radiation Physics,Equipment QA Register,named product/safety rule,Radiation Physicist,Pasted markdown(20260905-181629).md,Supplied PRD source,Attached to owning executable screen; source text visible in PRD viewer; enforced by generic lifecycle/RBAC and specific guards where machine-checkable
SCR-PHY-010,C.16 Radiation Physics,In-Vivo Dosimetry,form,Radiation Physicist,Pasted markdown(20260905-181629).md,Supplied PRD source,Executable PC4 schema + API + role-scoped UI + persistence/version lifecycle
PHY-010,C.16 Radiation Physics,In-Vivo Dosimetry,named product/safety rule,Radiation Physicist,Pasted markdown(20260905-181629).md,Supplied PRD source,Attached to owning executable screen; source text visible in PRD viewer; enforced by generic lifecycle/RBAC and specific guards where machine-checkable
SCR-RTT-001,C.17 Radiation Therapy Delivery,Treatment Unit Schedule,form,Radiation Technologist,Pasted markdown(20260905-181629).md,Supplied PRD source,Executable PC4 schema + API + role-scoped UI + persistence/version lifecycle
PHY-050,C.17 Radiation Therapy Delivery,Treatment Unit Schedule,named product/safety rule,Radiation Technologist,Pasted markdown(20260905-181629).md,Supplied PRD source,Attached to owning executable screen; source text visible in PRD viewer; enforced by generic lifecycle/RBAC and specific guards where machine-checkable
RTT-001,C.17 Radiation Therapy Delivery,Treatment Unit Schedule,named product/safety rule,Radiation Technologist,Pasted markdown(20260905-181629).md,Supplied PRD source,Attached to owning executable screen; source text visible in PRD viewer; enforced by generic lifecycle/RBAC and specific guards where machine-checkable
SCR-RTT-002,C.17 Radiation Therapy Delivery,Pre-Treatment Verification,form,Radiation Technologist,Pasted markdown(20260905-181629).md,Supplied PRD source,Executable PC4 schema + API + role-scoped UI + persistence/version lifecycle
MAR-007,C.17 Radiation Therapy Delivery,Pre-Treatment Verification,named product/safety rule,Radiation Technologist,Pasted markdown(20260905-181629).md,Supplied PRD source,Attached to owning executable screen; source text visible in PRD viewer; enforced by generic lifecycle/RBAC and specific guards where machine-checkable
RTT-002,C.17 Radiation Therapy Delivery,Pre-Treatment Verification,named product/safety rule,Radiation Technologist,Pasted markdown(20260905-181629).md,Supplied PRD source,Attached to owning executable screen; source text visible in PRD viewer; enforced by generic lifecycle/RBAC and specific guards where machine-checkable
RTT-020,C.17 Radiation Therapy Delivery,Pre-Treatment Verification,named product/safety rule,Radiation Technologist,Pasted markdown(20260905-181629).md,Supplied PRD source,Attached to owning executable screen; source text visible in PRD viewer; enforced by generic lifecycle/RBAC and specific guards where machine-checkable
RTT-101,C.17 Radiation Therapy Delivery,Pre-Treatment Verification,named product/safety rule,Radiation Technologist,Pasted markdown(20260905-181629).md,Supplied PRD source,Attached to owning executable screen; source text visible in PRD viewer; enforced by generic lifecycle/RBAC and specific guards where machine-checkable
SCR-RTT-003,C.17 Radiation Therapy Delivery,Setup Record,form,Radiation Technologist,Pasted markdown(20260905-181629).md,Supplied PRD source,Executable PC4 schema + API + role-scoped UI + persistence/version lifecycle
RO-090,C.17 Radiation Therapy Delivery,Setup Record,named product/safety rule,Radiation Technologist,Pasted markdown(20260905-181629).md,Supplied PRD source,Attached to owning executable screen; source text visible in PRD viewer; enforced by generic lifecycle/RBAC and specific guards where machine-checkable
RTT-003,C.17 Radiation Therapy Delivery,Setup Record,named product/safety rule,Radiation Technologist,Pasted markdown(20260905-181629).md,Supplied PRD source,Attached to owning executable screen; source text visible in PRD viewer; enforced by generic lifecycle/RBAC and specific guards where machine-checkable
RTT-030,C.17 Radiation Therapy Delivery,Setup Record,named product/safety rule,Radiation Technologist,Pasted markdown(20260905-181629).md,Supplied PRD source,Attached to owning executable screen; source text visible in PRD viewer; enforced by generic lifecycle/RBAC and specific guards where machine-checkable
SCR-RTT-004,C.17 Radiation Therapy Delivery,Verification Imaging,form,Radiation Technologist,Pasted markdown(20260905-181629).md,Supplied PRD source,Executable PC4 schema + API + role-scoped UI + persistence/version lifecycle
RTT-004,C.17 Radiation Therapy Delivery,Verification Imaging,named product/safety rule,Radiation Technologist,Pasted markdown(20260905-181629).md,Supplied PRD source,Attached to owning executable screen; source text visible in PRD viewer; enforced by generic lifecycle/RBAC and specific guards where machine-checkable
RTT-040,C.17 Radiation Therapy Delivery,Verification Imaging,named product/safety rule,Radiation Technologist,Pasted markdown(20260905-181629).md,Supplied PRD source,Attached to owning executable screen; source text visible in PRD viewer; enforced by generic lifecycle/RBAC and specific guards where machine-checkable
SCR-RTT-005,C.17 Radiation Therapy Delivery,Fraction Delivery Record,form,Radiation Technologist,Pasted markdown(20260905-181629).md,Supplied PRD source,Executable PC4 schema + API + role-scoped UI + persistence/version lifecycle
RTT-005,C.17 Radiation Therapy Delivery,Fraction Delivery Record,named product/safety rule,Radiation Technologist,Pasted markdown(20260905-181629).md,Supplied PRD source,Attached to owning executable screen; source text visible in PRD viewer; enforced by generic lifecycle/RBAC and specific guards where machine-checkable
SCR-RTT-006,C.17 Radiation Therapy Delivery,Missed Fraction / Interruption,form,Radiation Technologist,Pasted markdown(20260905-181629).md,Supplied PRD source,Executable PC4 schema + API + role-scoped UI + persistence/version lifecycle
RO-010,C.17 Radiation Therapy Delivery,Missed Fraction / Interruption,named product/safety rule,Radiation Technologist,Pasted markdown(20260905-181629).md,Supplied PRD source,Attached to owning executable screen; source text visible in PRD viewer; enforced by generic lifecycle/RBAC and specific guards where machine-checkable
RTT-006,C.17 Radiation Therapy Delivery,Missed Fraction / Interruption,named product/safety rule,Radiation Technologist,Pasted markdown(20260905-181629).md,Supplied PRD source,Attached to owning executable screen; source text visible in PRD viewer; enforced by generic lifecycle/RBAC and specific guards where machine-checkable
SCR-RTT-007,C.17 Radiation Therapy Delivery,Observed Toxicity & Patient Condition,form,Radiation Technologist,Pasted markdown(20260905-181629).md,Supplied PRD source,Executable PC4 schema + API + role-scoped UI + persistence/version lifecycle
RTT-007,C.17 Radiation Therapy Delivery,Observed Toxicity & Patient Condition,named product/safety rule,Radiation Technologist,Pasted markdown(20260905-181629).md,Supplied PRD source,Attached to owning executable screen; source text visible in PRD viewer; enforced by generic lifecycle/RBAC and specific guards where machine-checkable
RTT-050,C.17 Radiation Therapy Delivery,Observed Toxicity & Patient Condition,named product/safety rule,Radiation Technologist,Pasted markdown(20260905-181629).md,Supplied PRD source,Attached to owning executable screen; source text visible in PRD viewer; enforced by generic lifecycle/RBAC and specific guards where machine-checkable
SCR-RTT-008,C.17 Radiation Therapy Delivery,Machine / Equipment Issue,form,Radiation Technologist,Pasted markdown(20260905-181629).md,Supplied PRD source,Executable PC4 schema + API + role-scoped UI + persistence/version lifecycle
RTT-008,C.17 Radiation Therapy Delivery,Machine / Equipment Issue,named product/safety rule,Radiation Technologist,Pasted markdown(20260905-181629).md,Supplied PRD source,Attached to owning executable screen; source text visible in PRD viewer; enforced by generic lifecycle/RBAC and specific guards where machine-checkable
SCR-RTT-009,C.17 Radiation Therapy Delivery,Cumulative Delivery Dashboard,worklist,Radiation Technologist,Pasted markdown(20260905-181629).md,Supplied PRD source,Executable PC4 schema + API + role-scoped UI + persistence/version lifecycle
RTT-009,C.17 Radiation Therapy Delivery,Cumulative Delivery Dashboard,named product/safety rule,Radiation Technologist,Pasted markdown(20260905-181629).md,Supplied PRD source,Attached to owning executable screen; source text visible in PRD viewer; enforced by generic lifecycle/RBAC and specific guards where machine-checkable
SCR-SO-001,C.18 Surgical Oncology,Surgical Oncology Worklist / Pathway Board,worklist,Surgical Oncology | Anaesthetist,Pasted markdown(20260905-185907).md,Supplied PRD source,Executable PC4 schema + API + role-scoped UI + persistence/version lifecycle
REG-FD-005,C.18 Surgical Oncology,Surgical Oncology Worklist / Pathway Board,named product/safety rule,Surgical Oncology | Anaesthetist,Pasted markdown(20260905-185907).md,Supplied PRD source,Attached to owning executable screen; source text visible in PRD viewer; enforced by generic lifecycle/RBAC and specific guards where machine-checkable
SO-001,C.18 Surgical Oncology,Surgical Oncology Worklist / Pathway Board,named product/safety rule,Surgical Oncology | Anaesthetist,Pasted markdown(20260905-185907).md,Supplied PRD source,Attached to owning executable screen; source text visible in PRD viewer; enforced by generic lifecycle/RBAC and specific guards where machine-checkable
SO-006,C.18 Surgical Oncology,Surgical Oncology Worklist / Pathway Board,named product/safety rule,Surgical Oncology | Anaesthetist,Pasted markdown(20260905-185907).md,Supplied PRD source,Attached to owning executable screen; source text visible in PRD viewer; enforced by generic lifecycle/RBAC and specific guards where machine-checkable
SCR-SO-002,C.18 Surgical Oncology,Surgical Oncology Consultation,form,Surgical Oncology,Pasted markdown(20260905-185907).md,Supplied PRD source,Executable PC4 schema + API + role-scoped UI + persistence/version lifecycle
MO-002,C.18 Surgical Oncology,Surgical Oncology Consultation,named product/safety rule,Surgical Oncology,Pasted markdown(20260905-185907).md,Supplied PRD source,Attached to owning executable screen; source text visible in PRD viewer; enforced by generic lifecycle/RBAC and specific guards where machine-checkable
MO-CON-030,C.18 Surgical Oncology,Surgical Oncology Consultation,named product/safety rule,Surgical Oncology,Pasted markdown(20260905-185907).md,Supplied PRD source,Attached to owning executable screen; source text visible in PRD viewer; enforced by generic lifecycle/RBAC and specific guards where machine-checkable
MO-CON-050,C.18 Surgical Oncology,Surgical Oncology Consultation,named product/safety rule,Surgical Oncology,Pasted markdown(20260905-185907).md,Supplied PRD source,Attached to owning executable screen; source text visible in PRD viewer; enforced by generic lifecycle/RBAC and specific guards where machine-checkable
MO-CON-060,C.18 Surgical Oncology,Surgical Oncology Consultation,named product/safety rule,Surgical Oncology,Pasted markdown(20260905-185907).md,Supplied PRD source,Attached to owning executable screen; source text visible in PRD viewer; enforced by generic lifecycle/RBAC and specific guards where machine-checkable
RO-002,C.18 Surgical Oncology,Surgical Oncology Consultation,named product/safety rule,Surgical Oncology,Pasted markdown(20260905-185907).md,Supplied PRD source,Attached to owning executable screen; source text visible in PRD viewer; enforced by generic lifecycle/RBAC and specific guards where machine-checkable
RSP-001,C.18 Surgical Oncology,Surgical Oncology Consultation,named product/safety rule,Surgical Oncology,Pasted markdown(20260905-185907).md,Supplied PRD source,Attached to owning executable screen; source text visible in PRD viewer; enforced by generic lifecycle/RBAC and specific guards where machine-checkable
SO-002,C.18 Surgical Oncology,Surgical Oncology Consultation,named product/safety rule,Surgical Oncology,Pasted markdown(20260905-185907).md,Supplied PRD source,Attached to owning executable screen; source text visible in PRD viewer; enforced by generic lifecycle/RBAC and specific guards where machine-checkable
SO-003,C.18 Surgical Oncology,Surgical Oncology Consultation,named product/safety rule,Surgical Oncology,Pasted markdown(20260905-185907).md,Supplied PRD source,Attached to owning executable screen; source text visible in PRD viewer; enforced by generic lifecycle/RBAC and specific guards where machine-checkable
SO-006,C.18 Surgical Oncology,Surgical Oncology Consultation,named product/safety rule,Surgical Oncology,Pasted markdown(20260905-185907).md,Supplied PRD source,Attached to owning executable screen; source text visible in PRD viewer; enforced by generic lifecycle/RBAC and specific guards where machine-checkable
SO-020,C.18 Surgical Oncology,Surgical Oncology Consultation,named product/safety rule,Surgical Oncology,Pasted markdown(20260905-185907).md,Supplied PRD source,Attached to owning executable screen; source text visible in PRD viewer; enforced by generic lifecycle/RBAC and specific guards where machine-checkable
SO-021,C.18 Surgical Oncology,Surgical Oncology Consultation,named product/safety rule,Surgical Oncology,Pasted markdown(20260905-185907).md,Supplied PRD source,Attached to owning executable screen; source text visible in PRD viewer; enforced by generic lifecycle/RBAC and specific guards where machine-checkable
SO-022,C.18 Surgical Oncology,Surgical Oncology Consultation,named product/safety rule,Surgical Oncology,Pasted markdown(20260905-185907).md,Supplied PRD source,Attached to owning executable screen; source text visible in PRD viewer; enforced by generic lifecycle/RBAC and specific guards where machine-checkable
SO-023,C.18 Surgical Oncology,Surgical Oncology Consultation,named product/safety rule,Surgical Oncology,Pasted markdown(20260905-185907).md,Supplied PRD source,Attached to owning executable screen; source text visible in PRD viewer; enforced by generic lifecycle/RBAC and specific guards where machine-checkable
SO-024,C.18 Surgical Oncology,Surgical Oncology Consultation,named product/safety rule,Surgical Oncology,Pasted markdown(20260905-185907).md,Supplied PRD source,Attached to owning executable screen; source text visible in PRD viewer; enforced by generic lifecycle/RBAC and specific guards where machine-checkable
SO-025,C.18 Surgical Oncology,Surgical Oncology Consultation,named product/safety rule,Surgical Oncology,Pasted markdown(20260905-185907).md,Supplied PRD source,Attached to owning executable screen; source text visible in PRD viewer; enforced by generic lifecycle/RBAC and specific guards where machine-checkable
SO-026,C.18 Surgical Oncology,Surgical Oncology Consultation,named product/safety rule,Surgical Oncology,Pasted markdown(20260905-185907).md,Supplied PRD source,Attached to owning executable screen; source text visible in PRD viewer; enforced by generic lifecycle/RBAC and specific guards where machine-checkable
SCR-SO-003,C.18 Surgical Oncology,Surgical Plan,form,Surgical Oncology,Pasted markdown(20260905-185907).md,Supplied PRD source,Executable PC4 schema + API + role-scoped UI + persistence/version lifecycle
RO-003,C.18 Surgical Oncology,Surgical Plan,named product/safety rule,Surgical Oncology,Pasted markdown(20260905-185907).md,Supplied PRD source,Attached to owning executable screen; source text visible in PRD viewer; enforced by generic lifecycle/RBAC and specific guards where machine-checkable
SO-002,C.18 Surgical Oncology,Surgical Plan,named product/safety rule,Surgical Oncology,Pasted markdown(20260905-185907).md,Supplied PRD source,Attached to owning executable screen; source text visible in PRD viewer; enforced by generic lifecycle/RBAC and specific guards where machine-checkable
SO-003,C.18 Surgical Oncology,Surgical Plan,named product/safety rule,Surgical Oncology,Pasted markdown(20260905-185907).md,Supplied PRD source,Attached to owning executable screen; source text visible in PRD viewer; enforced by generic lifecycle/RBAC and specific guards where machine-checkable
SO-005,C.18 Surgical Oncology,Surgical Plan,named product/safety rule,Surgical Oncology,Pasted markdown(20260905-185907).md,Supplied PRD source,Attached to owning executable screen; source text visible in PRD viewer; enforced by generic lifecycle/RBAC and specific guards where machine-checkable
SO-006,C.18 Surgical Oncology,Surgical Plan,named product/safety rule,Surgical Oncology,Pasted markdown(20260905-185907).md,Supplied PRD source,Attached to owning executable screen; source text visible in PRD viewer; enforced by generic lifecycle/RBAC and specific guards where machine-checkable
SO-030,C.18 Surgical Oncology,Surgical Plan,named product/safety rule,Surgical Oncology,Pasted markdown(20260905-185907).md,Supplied PRD source,Attached to owning executable screen; source text visible in PRD viewer; enforced by generic lifecycle/RBAC and specific guards where machine-checkable
SO-031,C.18 Surgical Oncology,Surgical Plan,named product/safety rule,Surgical Oncology,Pasted markdown(20260905-185907).md,Supplied PRD source,Attached to owning executable screen; source text visible in PRD viewer; enforced by generic lifecycle/RBAC and specific guards where machine-checkable
SO-032,C.18 Surgical Oncology,Surgical Plan,named product/safety rule,Surgical Oncology,Pasted markdown(20260905-185907).md,Supplied PRD source,Attached to owning executable screen; source text visible in PRD viewer; enforced by generic lifecycle/RBAC and specific guards where machine-checkable
SO-033,C.18 Surgical Oncology,Surgical Plan,named product/safety rule,Surgical Oncology,Pasted markdown(20260905-185907).md,Supplied PRD source,Attached to owning executable screen; source text visible in PRD viewer; enforced by generic lifecycle/RBAC and specific guards where machine-checkable
SCR-SO-004,C.18 Surgical Oncology,Pre-operative Assessment / Workup,form,Surgical Oncology | Anaesthetist,Pasted markdown(20260905-185907).md,Supplied PRD source,Executable PC4 schema + API + role-scoped UI + persistence/version lifecycle
MO-CON-060,C.18 Surgical Oncology,Pre-operative Assessment / Workup,named product/safety rule,Surgical Oncology | Anaesthetist,Pasted markdown(20260905-185907).md,Supplied PRD source,Attached to owning executable screen; source text visible in PRD viewer; enforced by generic lifecycle/RBAC and specific guards where machine-checkable
SO-002,C.18 Surgical Oncology,Pre-operative Assessment / Workup,named product/safety rule,Surgical Oncology | Anaesthetist,Pasted markdown(20260905-185907).md,Supplied PRD source,Attached to owning executable screen; source text visible in PRD viewer; enforced by generic lifecycle/RBAC and specific guards where machine-checkable
SO-003,C.18 Surgical Oncology,Pre-operative Assessment / Workup,named product/safety rule,Surgical Oncology | Anaesthetist,Pasted markdown(20260905-185907).md,Supplied PRD source,Attached to owning executable screen; source text visible in PRD viewer; enforced by generic lifecycle/RBAC and specific guards where machine-checkable
SO-004,C.18 Surgical Oncology,Pre-operative Assessment / Workup,named product/safety rule,Surgical Oncology | Anaesthetist,Pasted markdown(20260905-185907).md,Supplied PRD source,Attached to owning executable screen; source text visible in PRD viewer; enforced by generic lifecycle/RBAC and specific guards where machine-checkable
SO-005,C.18 Surgical Oncology,Pre-operative Assessment / Workup,named product/safety rule,Surgical Oncology | Anaesthetist,Pasted markdown(20260905-185907).md,Supplied PRD source,Attached to owning executable screen; source text visible in PRD viewer; enforced by generic lifecycle/RBAC and specific guards where machine-checkable
SO-006,C.18 Surgical Oncology,Pre-operative Assessment / Workup,named product/safety rule,Surgical Oncology | Anaesthetist,Pasted markdown(20260905-185907).md,Supplied PRD source,Attached to owning executable screen; source text visible in PRD viewer; enforced by generic lifecycle/RBAC and specific guards where machine-checkable
SO-008,C.18 Surgical Oncology,Pre-operative Assessment / Workup,named product/safety rule,Surgical Oncology | Anaesthetist,Pasted markdown(20260905-185907).md,Supplied PRD source,Attached to owning executable screen; source text visible in PRD viewer; enforced by generic lifecycle/RBAC and specific guards where machine-checkable
SO-040,C.18 Surgical Oncology,Pre-operative Assessment / Workup,named product/safety rule,Surgical Oncology | Anaesthetist,Pasted markdown(20260905-185907).md,Supplied PRD source,Attached to owning executable screen; source text visible in PRD viewer; enforced by generic lifecycle/RBAC and specific guards where machine-checkable
SO-041,C.18 Surgical Oncology,Pre-operative Assessment / Workup,named product/safety rule,Surgical Oncology | Anaesthetist,Pasted markdown(20260905-185907).md,Supplied PRD source,Attached to owning executable screen; source text visible in PRD viewer; enforced by generic lifecycle/RBAC and specific guards where machine-checkable
SCR-SO-005,C.18 Surgical Oncology,Surgical Consent,form,Surgical Oncology,Pasted markdown(20260905-185907).md,Supplied PRD source,Executable PC4 schema + API + role-scoped UI + persistence/version lifecycle
REG-FD-090,C.18 Surgical Oncology,Surgical Consent,named product/safety rule,Surgical Oncology,Pasted markdown(20260905-185907).md,Supplied PRD source,Attached to owning executable screen; source text visible in PRD viewer; enforced by generic lifecycle/RBAC and specific guards where machine-checkable
SO-002,C.18 Surgical Oncology,Surgical Consent,named product/safety rule,Surgical Oncology,Pasted markdown(20260905-185907).md,Supplied PRD source,Attached to owning executable screen; source text visible in PRD viewer; enforced by generic lifecycle/RBAC and specific guards where machine-checkable
SO-003,C.18 Surgical Oncology,Surgical Consent,named product/safety rule,Surgical Oncology,Pasted markdown(20260905-185907).md,Supplied PRD source,Attached to owning executable screen; source text visible in PRD viewer; enforced by generic lifecycle/RBAC and specific guards where machine-checkable
SO-005,C.18 Surgical Oncology,Surgical Consent,named product/safety rule,Surgical Oncology,Pasted markdown(20260905-185907).md,Supplied PRD source,Attached to owning executable screen; source text visible in PRD viewer; enforced by generic lifecycle/RBAC and specific guards where machine-checkable
SO-006,C.18 Surgical Oncology,Surgical Consent,named product/safety rule,Surgical Oncology,Pasted markdown(20260905-185907).md,Supplied PRD source,Attached to owning executable screen; source text visible in PRD viewer; enforced by generic lifecycle/RBAC and specific guards where machine-checkable
SO-008,C.18 Surgical Oncology,Surgical Consent,named product/safety rule,Surgical Oncology,Pasted markdown(20260905-185907).md,Supplied PRD source,Attached to owning executable screen; source text visible in PRD viewer; enforced by generic lifecycle/RBAC and specific guards where machine-checkable
SO-042,C.18 Surgical Oncology,Surgical Consent,named product/safety rule,Surgical Oncology,Pasted markdown(20260905-185907).md,Supplied PRD source,Attached to owning executable screen; source text visible in PRD viewer; enforced by generic lifecycle/RBAC and specific guards where machine-checkable
SO-043,C.18 Surgical Oncology,Surgical Consent,named product/safety rule,Surgical Oncology,Pasted markdown(20260905-185907).md,Supplied PRD source,Attached to owning executable screen; source text visible in PRD viewer; enforced by generic lifecycle/RBAC and specific guards where machine-checkable
SO-044,C.18 Surgical Oncology,Surgical Consent,named product/safety rule,Surgical Oncology,Pasted markdown(20260905-185907).md,Supplied PRD source,Attached to owning executable screen; source text visible in PRD viewer; enforced by generic lifecycle/RBAC and specific guards where machine-checkable
SCR-SO-006,C.18 Surgical Oncology,Surgical Scheduling / Operating List,worklist,Surgical Oncology,Pasted markdown(20260905-185907).md,Supplied PRD source,Executable PC4 schema + API + role-scoped UI + persistence/version lifecycle
SO-003,C.18 Surgical Oncology,Surgical Scheduling / Operating List,named product/safety rule,Surgical Oncology,Pasted markdown(20260905-185907).md,Supplied PRD source,Attached to owning executable screen; source text visible in PRD viewer; enforced by generic lifecycle/RBAC and specific guards where machine-checkable
SO-006,C.18 Surgical Oncology,Surgical Scheduling / Operating List,named product/safety rule,Surgical Oncology,Pasted markdown(20260905-185907).md,Supplied PRD source,Attached to owning executable screen; source text visible in PRD viewer; enforced by generic lifecycle/RBAC and specific guards where machine-checkable
SO-008,C.18 Surgical Oncology,Surgical Scheduling / Operating List,named product/safety rule,Surgical Oncology,Pasted markdown(20260905-185907).md,Supplied PRD source,Attached to owning executable screen; source text visible in PRD viewer; enforced by generic lifecycle/RBAC and specific guards where machine-checkable
SO-030,C.18 Surgical Oncology,Surgical Scheduling / Operating List,named product/safety rule,Surgical Oncology,Pasted markdown(20260905-185907).md,Supplied PRD source,Attached to owning executable screen; source text visible in PRD viewer; enforced by generic lifecycle/RBAC and specific guards where machine-checkable
SO-045,C.18 Surgical Oncology,Surgical Scheduling / Operating List,named product/safety rule,Surgical Oncology,Pasted markdown(20260905-185907).md,Supplied PRD source,Attached to owning executable screen; source text visible in PRD viewer; enforced by generic lifecycle/RBAC and specific guards where machine-checkable
SO-046,C.18 Surgical Oncology,Surgical Scheduling / Operating List,named product/safety rule,Surgical Oncology,Pasted markdown(20260905-185907).md,Supplied PRD source,Attached to owning executable screen; source text visible in PRD viewer; enforced by generic lifecycle/RBAC and specific guards where machine-checkable
SCR-SO-007,C.18 Surgical Oncology,Pre-operative H&P / Day-of-Surgery Review,form,Surgical Oncology,Pasted markdown(20260905-185907).md,Supplied PRD source,Executable PC4 schema + API + role-scoped UI + persistence/version lifecycle
SO-004,C.18 Surgical Oncology,Pre-operative H&P / Day-of-Surgery Review,named product/safety rule,Surgical Oncology,Pasted markdown(20260905-185907).md,Supplied PRD source,Attached to owning executable screen; source text visible in PRD viewer; enforced by generic lifecycle/RBAC and specific guards where machine-checkable
SO-006,C.18 Surgical Oncology,Pre-operative H&P / Day-of-Surgery Review,named product/safety rule,Surgical Oncology,Pasted markdown(20260905-185907).md,Supplied PRD source,Attached to owning executable screen; source text visible in PRD viewer; enforced by generic lifecycle/RBAC and specific guards where machine-checkable
SO-007,C.18 Surgical Oncology,Pre-operative H&P / Day-of-Surgery Review,named product/safety rule,Surgical Oncology,Pasted markdown(20260905-185907).md,Supplied PRD source,Attached to owning executable screen; source text visible in PRD viewer; enforced by generic lifecycle/RBAC and specific guards where machine-checkable
SO-008,C.18 Surgical Oncology,Pre-operative H&P / Day-of-Surgery Review,named product/safety rule,Surgical Oncology,Pasted markdown(20260905-185907).md,Supplied PRD source,Attached to owning executable screen; source text visible in PRD viewer; enforced by generic lifecycle/RBAC and specific guards where machine-checkable
SO-047,C.18 Surgical Oncology,Pre-operative H&P / Day-of-Surgery Review,named product/safety rule,Surgical Oncology,Pasted markdown(20260905-185907).md,Supplied PRD source,Attached to owning executable screen; source text visible in PRD viewer; enforced by generic lifecycle/RBAC and specific guards where machine-checkable
SCR-SO-008,C.18 Surgical Oncology,Theatre Readiness / Surgical Safety Gate,form,Surgical Oncology | Anaesthetist | Surgical Nurse,Pasted markdown(20260905-185907).md,Supplied PRD source,Executable PC4 schema + API + role-scoped UI + persistence/version lifecycle
MAR-001,C.18 Surgical Oncology,Theatre Readiness / Surgical Safety Gate,named product/safety rule,Surgical Oncology | Anaesthetist | Surgical Nurse,Pasted markdown(20260905-185907).md,Supplied PRD source,Attached to owning executable screen; source text visible in PRD viewer; enforced by generic lifecycle/RBAC and specific guards where machine-checkable
MAR-026,C.18 Surgical Oncology,Theatre Readiness / Surgical Safety Gate,named product/safety rule,Surgical Oncology | Anaesthetist | Surgical Nurse,Pasted markdown(20260905-185907).md,Supplied PRD source,Attached to owning executable screen; source text visible in PRD viewer; enforced by generic lifecycle/RBAC and specific guards where machine-checkable
MDT-040,C.18 Surgical Oncology,Theatre Readiness / Surgical Safety Gate,named product/safety rule,Surgical Oncology | Anaesthetist | Surgical Nurse,Pasted markdown(20260905-185907).md,Supplied PRD source,Attached to owning executable screen; source text visible in PRD viewer; enforced by generic lifecycle/RBAC and specific guards where machine-checkable
RTT-020,C.18 Surgical Oncology,Theatre Readiness / Surgical Safety Gate,named product/safety rule,Surgical Oncology | Anaesthetist | Surgical Nurse,Pasted markdown(20260905-185907).md,Supplied PRD source,Attached to owning executable screen; source text visible in PRD viewer; enforced by generic lifecycle/RBAC and specific guards where machine-checkable
SO-001,C.18 Surgical Oncology,Theatre Readiness / Surgical Safety Gate,named product/safety rule,Surgical Oncology | Anaesthetist | Surgical Nurse,Pasted markdown(20260905-185907).md,Supplied PRD source,Attached to owning executable screen; source text visible in PRD viewer; enforced by generic lifecycle/RBAC and specific guards where machine-checkable
SO-002,C.18 Surgical Oncology,Theatre Readiness / Surgical Safety Gate,named product/safety rule,Surgical Oncology | Anaesthetist | Surgical Nurse,Pasted markdown(20260905-185907).md,Supplied PRD source,Attached to owning executable screen; source text visible in PRD viewer; enforced by generic lifecycle/RBAC and specific guards where machine-checkable
SO-006,C.18 Surgical Oncology,Theatre Readiness / Surgical Safety Gate,named product/safety rule,Surgical Oncology | Anaesthetist | Surgical Nurse,Pasted markdown(20260905-185907).md,Supplied PRD source,Attached to owning executable screen; source text visible in PRD viewer; enforced by generic lifecycle/RBAC and specific guards where machine-checkable
SO-007,C.18 Surgical Oncology,Theatre Readiness / Surgical Safety Gate,named product/safety rule,Surgical Oncology | Anaesthetist | Surgical Nurse,Pasted markdown(20260905-185907).md,Supplied PRD source,Attached to owning executable screen; source text visible in PRD viewer; enforced by generic lifecycle/RBAC and specific guards where machine-checkable
SO-008,C.18 Surgical Oncology,Theatre Readiness / Surgical Safety Gate,named product/safety rule,Surgical Oncology | Anaesthetist | Surgical Nurse,Pasted markdown(20260905-185907).md,Supplied PRD source,Attached to owning executable screen; source text visible in PRD viewer; enforced by generic lifecycle/RBAC and specific guards where machine-checkable
SO-010,C.18 Surgical Oncology,Theatre Readiness / Surgical Safety Gate,named product/safety rule,Surgical Oncology | Anaesthetist | Surgical Nurse,Pasted markdown(20260905-185907).md,Supplied PRD source,Attached to owning executable screen; source text visible in PRD viewer; enforced by generic lifecycle/RBAC and specific guards where machine-checkable
SO-048,C.18 Surgical Oncology,Theatre Readiness / Surgical Safety Gate,named product/safety rule,Surgical Oncology | Anaesthetist | Surgical Nurse,Pasted markdown(20260905-185907).md,Supplied PRD source,Attached to owning executable screen; source text visible in PRD viewer; enforced by generic lifecycle/RBAC and specific guards where machine-checkable
SO-049,C.18 Surgical Oncology,Theatre Readiness / Surgical Safety Gate,named product/safety rule,Surgical Oncology | Anaesthetist | Surgical Nurse,Pasted markdown(20260905-185907).md,Supplied PRD source,Attached to owning executable screen; source text visible in PRD viewer; enforced by generic lifecycle/RBAC and specific guards where machine-checkable
SO-050,C.18 Surgical Oncology,Theatre Readiness / Surgical Safety Gate,named product/safety rule,Surgical Oncology | Anaesthetist | Surgical Nurse,Pasted markdown(20260905-185907).md,Supplied PRD source,Attached to owning executable screen; source text visible in PRD viewer; enforced by generic lifecycle/RBAC and specific guards where machine-checkable
SO-051,C.18 Surgical Oncology,Theatre Readiness / Surgical Safety Gate,named product/safety rule,Surgical Oncology | Anaesthetist | Surgical Nurse,Pasted markdown(20260905-185907).md,Supplied PRD source,Attached to owning executable screen; source text visible in PRD viewer; enforced by generic lifecycle/RBAC and specific guards where machine-checkable
SCR-SO-009,C.18 Surgical Oncology,Detailed Operative Note,form,Surgical Oncology | Anaesthetist,Pasted markdown(20260905-185907).md,Supplied PRD source,Executable PC4 schema + API + role-scoped UI + persistence/version lifecycle
RO-003,C.18 Surgical Oncology,Detailed Operative Note,named product/safety rule,Surgical Oncology | Anaesthetist,Pasted markdown(20260905-185907).md,Supplied PRD source,Attached to owning executable screen; source text visible in PRD viewer; enforced by generic lifecycle/RBAC and specific guards where machine-checkable
SO-001,C.18 Surgical Oncology,Detailed Operative Note,named product/safety rule,Surgical Oncology | Anaesthetist,Pasted markdown(20260905-185907).md,Supplied PRD source,Attached to owning executable screen; source text visible in PRD viewer; enforced by generic lifecycle/RBAC and specific guards where machine-checkable
SO-002,C.18 Surgical Oncology,Detailed Operative Note,named product/safety rule,Surgical Oncology | Anaesthetist,Pasted markdown(20260905-185907).md,Supplied PRD source,Attached to owning executable screen; source text visible in PRD viewer; enforced by generic lifecycle/RBAC and specific guards where machine-checkable
SO-003,C.18 Surgical Oncology,Detailed Operative Note,named product/safety rule,Surgical Oncology | Anaesthetist,Pasted markdown(20260905-185907).md,Supplied PRD source,Attached to owning executable screen; source text visible in PRD viewer; enforced by generic lifecycle/RBAC and specific guards where machine-checkable
SO-004,C.18 Surgical Oncology,Detailed Operative Note,named product/safety rule,Surgical Oncology | Anaesthetist,Pasted markdown(20260905-185907).md,Supplied PRD source,Attached to owning executable screen; source text visible in PRD viewer; enforced by generic lifecycle/RBAC and specific guards where machine-checkable
SO-006,C.18 Surgical Oncology,Detailed Operative Note,named product/safety rule,Surgical Oncology | Anaesthetist,Pasted markdown(20260905-185907).md,Supplied PRD source,Attached to owning executable screen; source text visible in PRD viewer; enforced by generic lifecycle/RBAC and specific guards where machine-checkable
SO-008,C.18 Surgical Oncology,Detailed Operative Note,named product/safety rule,Surgical Oncology | Anaesthetist,Pasted markdown(20260905-185907).md,Supplied PRD source,Attached to owning executable screen; source text visible in PRD viewer; enforced by generic lifecycle/RBAC and specific guards where machine-checkable
SO-009,C.18 Surgical Oncology,Detailed Operative Note,named product/safety rule,Surgical Oncology | Anaesthetist,Pasted markdown(20260905-185907).md,Supplied PRD source,Attached to owning executable screen; source text visible in PRD viewer; enforced by generic lifecycle/RBAC and specific guards where machine-checkable
SO-010,C.18 Surgical Oncology,Detailed Operative Note,named product/safety rule,Surgical Oncology | Anaesthetist,Pasted markdown(20260905-185907).md,Supplied PRD source,Attached to owning executable screen; source text visible in PRD viewer; enforced by generic lifecycle/RBAC and specific guards where machine-checkable
SO-011,C.18 Surgical Oncology,Detailed Operative Note,named product/safety rule,Surgical Oncology | Anaesthetist,Pasted markdown(20260905-185907).md,Supplied PRD source,Attached to owning executable screen; source text visible in PRD viewer; enforced by generic lifecycle/RBAC and specific guards where machine-checkable
SO-013,C.18 Surgical Oncology,Detailed Operative Note,named product/safety rule,Surgical Oncology | Anaesthetist,Pasted markdown(20260905-185907).md,Supplied PRD source,Attached to owning executable screen; source text visible in PRD viewer; enforced by generic lifecycle/RBAC and specific guards where machine-checkable
SO-014,C.18 Surgical Oncology,Detailed Operative Note,named product/safety rule,Surgical Oncology | Anaesthetist,Pasted markdown(20260905-185907).md,Supplied PRD source,Attached to owning executable screen; source text visible in PRD viewer; enforced by generic lifecycle/RBAC and specific guards where machine-checkable
SO-015,C.18 Surgical Oncology,Detailed Operative Note,named product/safety rule,Surgical Oncology | Anaesthetist,Pasted markdown(20260905-185907).md,Supplied PRD source,Attached to owning executable screen; source text visible in PRD viewer; enforced by generic lifecycle/RBAC and specific guards where machine-checkable
SO-018,C.18 Surgical Oncology,Detailed Operative Note,named product/safety rule,Surgical Oncology | Anaesthetist,Pasted markdown(20260905-185907).md,Supplied PRD source,Attached to owning executable screen; source text visible in PRD viewer; enforced by generic lifecycle/RBAC and specific guards where machine-checkable
SO-021,C.18 Surgical Oncology,Detailed Operative Note,named product/safety rule,Surgical Oncology | Anaesthetist,Pasted markdown(20260905-185907).md,Supplied PRD source,Attached to owning executable screen; source text visible in PRD viewer; enforced by generic lifecycle/RBAC and specific guards where machine-checkable
SO-031,C.18 Surgical Oncology,Detailed Operative Note,named product/safety rule,Surgical Oncology | Anaesthetist,Pasted markdown(20260905-185907).md,Supplied PRD source,Attached to owning executable screen; source text visible in PRD viewer; enforced by generic lifecycle/RBAC and specific guards where machine-checkable
SO-049,C.18 Surgical Oncology,Detailed Operative Note,named product/safety rule,Surgical Oncology | Anaesthetist,Pasted markdown(20260905-185907).md,Supplied PRD source,Attached to owning executable screen; source text visible in PRD viewer; enforced by generic lifecycle/RBAC and specific guards where machine-checkable
SO-050,C.18 Surgical Oncology,Detailed Operative Note,named product/safety rule,Surgical Oncology | Anaesthetist,Pasted markdown(20260905-185907).md,Supplied PRD source,Attached to owning executable screen; source text visible in PRD viewer; enforced by generic lifecycle/RBAC and specific guards where machine-checkable
SO-051,C.18 Surgical Oncology,Detailed Operative Note,named product/safety rule,Surgical Oncology | Anaesthetist,Pasted markdown(20260905-185907).md,Supplied PRD source,Attached to owning executable screen; source text visible in PRD viewer; enforced by generic lifecycle/RBAC and specific guards where machine-checkable
SO-052,C.18 Surgical Oncology,Detailed Operative Note,named product/safety rule,Surgical Oncology | Anaesthetist,Pasted markdown(20260905-185907).md,Supplied PRD source,Attached to owning executable screen; source text visible in PRD viewer; enforced by generic lifecycle/RBAC and specific guards where machine-checkable
SO-053,C.18 Surgical Oncology,Detailed Operative Note,named product/safety rule,Surgical Oncology | Anaesthetist,Pasted markdown(20260905-185907).md,Supplied PRD source,Attached to owning executable screen; source text visible in PRD viewer; enforced by generic lifecycle/RBAC and specific guards where machine-checkable
SO-054,C.18 Surgical Oncology,Detailed Operative Note,named product/safety rule,Surgical Oncology | Anaesthetist,Pasted markdown(20260905-185907).md,Supplied PRD source,Attached to owning executable screen; source text visible in PRD viewer; enforced by generic lifecycle/RBAC and specific guards where machine-checkable
SO-055,C.18 Surgical Oncology,Detailed Operative Note,named product/safety rule,Surgical Oncology | Anaesthetist,Pasted markdown(20260905-185907).md,Supplied PRD source,Attached to owning executable screen; source text visible in PRD viewer; enforced by generic lifecycle/RBAC and specific guards where machine-checkable
SO-056,C.18 Surgical Oncology,Detailed Operative Note,named product/safety rule,Surgical Oncology | Anaesthetist,Pasted markdown(20260905-185907).md,Supplied PRD source,Attached to owning executable screen; source text visible in PRD viewer; enforced by generic lifecycle/RBAC and specific guards where machine-checkable
SO-057,C.18 Surgical Oncology,Detailed Operative Note,named product/safety rule,Surgical Oncology | Anaesthetist,Pasted markdown(20260905-185907).md,Supplied PRD source,Attached to owning executable screen; source text visible in PRD viewer; enforced by generic lifecycle/RBAC and specific guards where machine-checkable
SCR-SO-010,C.18 Surgical Oncology,Immediate Post-operative Note,form,Surgical Oncology | Surgical Nurse,Pasted markdown(20260905-185907).md,Supplied PRD source,Executable PC4 schema + API + role-scoped UI + persistence/version lifecycle
SO-009,C.18 Surgical Oncology,Immediate Post-operative Note,named product/safety rule,Surgical Oncology | Surgical Nurse,Pasted markdown(20260905-185907).md,Supplied PRD source,Attached to owning executable screen; source text visible in PRD viewer; enforced by generic lifecycle/RBAC and specific guards where machine-checkable
SO-010,C.18 Surgical Oncology,Immediate Post-operative Note,named product/safety rule,Surgical Oncology | Surgical Nurse,Pasted markdown(20260905-185907).md,Supplied PRD source,Attached to owning executable screen; source text visible in PRD viewer; enforced by generic lifecycle/RBAC and specific guards where machine-checkable
SO-011,C.18 Surgical Oncology,Immediate Post-operative Note,named product/safety rule,Surgical Oncology | Surgical Nurse,Pasted markdown(20260905-185907).md,Supplied PRD source,Attached to owning executable screen; source text visible in PRD viewer; enforced by generic lifecycle/RBAC and specific guards where machine-checkable
SO-013,C.18 Surgical Oncology,Immediate Post-operative Note,named product/safety rule,Surgical Oncology | Surgical Nurse,Pasted markdown(20260905-185907).md,Supplied PRD source,Attached to owning executable screen; source text visible in PRD viewer; enforced by generic lifecycle/RBAC and specific guards where machine-checkable
SO-014,C.18 Surgical Oncology,Immediate Post-operative Note,named product/safety rule,Surgical Oncology | Surgical Nurse,Pasted markdown(20260905-185907).md,Supplied PRD source,Attached to owning executable screen; source text visible in PRD viewer; enforced by generic lifecycle/RBAC and specific guards where machine-checkable
SO-058,C.18 Surgical Oncology,Immediate Post-operative Note,named product/safety rule,Surgical Oncology | Surgical Nurse,Pasted markdown(20260905-185907).md,Supplied PRD source,Attached to owning executable screen; source text visible in PRD viewer; enforced by generic lifecycle/RBAC and specific guards where machine-checkable
SCR-SO-011,C.18 Surgical Oncology,Daily Surgical Progress / Surgical Ward Round,form,Surgical Oncology | Inpatient Oncology Nurse | Surgical Nurse,Pasted markdown(20260905-185907).md,Supplied PRD source,Executable PC4 schema + API + role-scoped UI + persistence/version lifecycle
MO-CON-060,C.18 Surgical Oncology,Daily Surgical Progress / Surgical Ward Round,named product/safety rule,Surgical Oncology | Inpatient Oncology Nurse | Surgical Nurse,Pasted markdown(20260905-185907).md,Supplied PRD source,Attached to owning executable screen; source text visible in PRD viewer; enforced by generic lifecycle/RBAC and specific guards where machine-checkable
SO-008,C.18 Surgical Oncology,Daily Surgical Progress / Surgical Ward Round,named product/safety rule,Surgical Oncology | Inpatient Oncology Nurse | Surgical Nurse,Pasted markdown(20260905-185907).md,Supplied PRD source,Attached to owning executable screen; source text visible in PRD viewer; enforced by generic lifecycle/RBAC and specific guards where machine-checkable
SO-011,C.18 Surgical Oncology,Daily Surgical Progress / Surgical Ward Round,named product/safety rule,Surgical Oncology | Inpatient Oncology Nurse | Surgical Nurse,Pasted markdown(20260905-185907).md,Supplied PRD source,Attached to owning executable screen; source text visible in PRD viewer; enforced by generic lifecycle/RBAC and specific guards where machine-checkable
SO-012,C.18 Surgical Oncology,Daily Surgical Progress / Surgical Ward Round,named product/safety rule,Surgical Oncology | Inpatient Oncology Nurse | Surgical Nurse,Pasted markdown(20260905-185907).md,Supplied PRD source,Attached to owning executable screen; source text visible in PRD viewer; enforced by generic lifecycle/RBAC and specific guards where machine-checkable
SO-015,C.18 Surgical Oncology,Daily Surgical Progress / Surgical Ward Round,named product/safety rule,Surgical Oncology | Inpatient Oncology Nurse | Surgical Nurse,Pasted markdown(20260905-185907).md,Supplied PRD source,Attached to owning executable screen; source text visible in PRD viewer; enforced by generic lifecycle/RBAC and specific guards where machine-checkable
SO-020,C.18 Surgical Oncology,Daily Surgical Progress / Surgical Ward Round,named product/safety rule,Surgical Oncology | Inpatient Oncology Nurse | Surgical Nurse,Pasted markdown(20260905-185907).md,Supplied PRD source,Attached to owning executable screen; source text visible in PRD viewer; enforced by generic lifecycle/RBAC and specific guards where machine-checkable
SO-059,C.18 Surgical Oncology,Daily Surgical Progress / Surgical Ward Round,named product/safety rule,Surgical Oncology | Inpatient Oncology Nurse | Surgical Nurse,Pasted markdown(20260905-185907).md,Supplied PRD source,Attached to owning executable screen; source text visible in PRD viewer; enforced by generic lifecycle/RBAC and specific guards where machine-checkable
SCR-SO-012,C.18 Surgical Oncology,## C.18.12a · SCR-SO-012 — Wound Assessment,form,Surgical Oncology | Inpatient Oncology Nurse | Stoma / Wound Nurse | Surgical Nurse,Pasted markdown(20260905-185907).md,Supplied PRD source,Executable PC4 schema + API + role-scoped UI + persistence/version lifecycle
SO-012,C.18 Surgical Oncology,## C.18.12a · SCR-SO-012 — Wound Assessment,named product/safety rule,Surgical Oncology | Inpatient Oncology Nurse | Stoma / Wound Nurse | Surgical Nurse,Pasted markdown(20260905-185907).md,Supplied PRD source,Attached to owning executable screen; source text visible in PRD viewer; enforced by generic lifecycle/RBAC and specific guards where machine-checkable
SO-015,C.18 Surgical Oncology,## C.18.12a · SCR-SO-012 — Wound Assessment,named product/safety rule,Surgical Oncology | Inpatient Oncology Nurse | Stoma / Wound Nurse | Surgical Nurse,Pasted markdown(20260905-185907).md,Supplied PRD source,Attached to owning executable screen; source text visible in PRD viewer; enforced by generic lifecycle/RBAC and specific guards where machine-checkable
TOX-010,C.18 Surgical Oncology,## C.18.12a · SCR-SO-012 — Wound Assessment,named product/safety rule,Surgical Oncology | Inpatient Oncology Nurse | Stoma / Wound Nurse | Surgical Nurse,Pasted markdown(20260905-185907).md,Supplied PRD source,Attached to owning executable screen; source text visible in PRD viewer; enforced by generic lifecycle/RBAC and specific guards where machine-checkable
SCR-SO-013,C.18 Surgical Oncology,## C.18.12b · SCR-SO-013 — Drain Register & Record,worklist,Surgical Oncology | Inpatient Oncology Nurse,Pasted markdown(20260905-185907).md,Supplied PRD source,Executable PC4 schema + API + role-scoped UI + persistence/version lifecycle
SO-008,C.18 Surgical Oncology,## C.18.12b · SCR-SO-013 — Drain Register & Record,named product/safety rule,Surgical Oncology | Inpatient Oncology Nurse,Pasted markdown(20260905-185907).md,Supplied PRD source,Attached to owning executable screen; source text visible in PRD viewer; enforced by generic lifecycle/RBAC and specific guards where machine-checkable
SO-009,C.18 Surgical Oncology,## C.18.12b · SCR-SO-013 — Drain Register & Record,named product/safety rule,Surgical Oncology | Inpatient Oncology Nurse,Pasted markdown(20260905-185907).md,Supplied PRD source,Attached to owning executable screen; source text visible in PRD viewer; enforced by generic lifecycle/RBAC and specific guards where machine-checkable
SO-013,C.18 Surgical Oncology,## C.18.12b · SCR-SO-013 — Drain Register & Record,named product/safety rule,Surgical Oncology | Inpatient Oncology Nurse,Pasted markdown(20260905-185907).md,Supplied PRD source,Attached to owning executable screen; source text visible in PRD viewer; enforced by generic lifecycle/RBAC and specific guards where machine-checkable
SCR-SO-014,C.18 Surgical Oncology,## C.18.12c · SCR-SO-014 — Stoma Register & Record,worklist,Surgical Oncology | Inpatient Oncology Nurse | Stoma / Wound Nurse,Pasted markdown(20260905-185907).md,Supplied PRD source,Executable PC4 schema + API + role-scoped UI + persistence/version lifecycle
SO-014,C.18 Surgical Oncology,## C.18.12c · SCR-SO-014 — Stoma Register & Record,named product/safety rule,Surgical Oncology | Inpatient Oncology Nurse | Stoma / Wound Nurse,Pasted markdown(20260905-185907).md,Supplied PRD source,Attached to owning executable screen; source text visible in PRD viewer; enforced by generic lifecycle/RBAC and specific guards where machine-checkable
SO-060,C.18 Surgical Oncology,## C.18.12c · SCR-SO-014 — Stoma Register & Record,named product/safety rule,Surgical Oncology | Inpatient Oncology Nurse | Stoma / Wound Nurse,Pasted markdown(20260905-185907).md,Supplied PRD source,Attached to owning executable screen; source text visible in PRD viewer; enforced by generic lifecycle/RBAC and specific guards where machine-checkable
SCR-SO-015,C.18 Surgical Oncology,Post-operative Complication Note,form,Surgical Oncology | Inpatient Oncology Nurse,Pasted markdown(20260905-185907).md,Supplied PRD source,Executable PC4 schema + API + role-scoped UI + persistence/version lifecycle
SO-009,C.18 Surgical Oncology,Post-operative Complication Note,named product/safety rule,Surgical Oncology | Inpatient Oncology Nurse,Pasted markdown(20260905-185907).md,Supplied PRD source,Attached to owning executable screen; source text visible in PRD viewer; enforced by generic lifecycle/RBAC and specific guards where machine-checkable
SO-015,C.18 Surgical Oncology,Post-operative Complication Note,named product/safety rule,Surgical Oncology | Inpatient Oncology Nurse,Pasted markdown(20260905-185907).md,Supplied PRD source,Attached to owning executable screen; source text visible in PRD viewer; enforced by generic lifecycle/RBAC and specific guards where machine-checkable
SO-018,C.18 Surgical Oncology,Post-operative Complication Note,named product/safety rule,Surgical Oncology | Inpatient Oncology Nurse,Pasted markdown(20260905-185907).md,Supplied PRD source,Attached to owning executable screen; source text visible in PRD viewer; enforced by generic lifecycle/RBAC and specific guards where machine-checkable
TOX-002,C.18 Surgical Oncology,Post-operative Complication Note,named product/safety rule,Surgical Oncology | Inpatient Oncology Nurse,Pasted markdown(20260905-185907).md,Supplied PRD source,Attached to owning executable screen; source text visible in PRD viewer; enforced by generic lifecycle/RBAC and specific guards where machine-checkable
TOX-010,C.18 Surgical Oncology,Post-operative Complication Note,named product/safety rule,Surgical Oncology | Inpatient Oncology Nurse,Pasted markdown(20260905-185907).md,Supplied PRD source,Attached to owning executable screen; source text visible in PRD viewer; enforced by generic lifecycle/RBAC and specific guards where machine-checkable
TOX-020,C.18 Surgical Oncology,Post-operative Complication Note,named product/safety rule,Surgical Oncology | Inpatient Oncology Nurse,Pasted markdown(20260905-185907).md,Supplied PRD source,Attached to owning executable screen; source text visible in PRD viewer; enforced by generic lifecycle/RBAC and specific guards where machine-checkable
SCR-SO-016,C.18 Surgical Oncology,Histopathology Review (Surgeon),form,Surgical Oncology | Pathology,Pasted markdown(20260905-185907).md,Supplied PRD source,Executable PC4 schema + API + role-scoped UI + persistence/version lifecycle
RSP-001,C.18 Surgical Oncology,Histopathology Review (Surgeon),named product/safety rule,Surgical Oncology | Pathology,Pasted markdown(20260905-185907).md,Supplied PRD source,Attached to owning executable screen; source text visible in PRD viewer; enforced by generic lifecycle/RBAC and specific guards where machine-checkable
SO-005,C.18 Surgical Oncology,Histopathology Review (Surgeon),named product/safety rule,Surgical Oncology | Pathology,Pasted markdown(20260905-185907).md,Supplied PRD source,Attached to owning executable screen; source text visible in PRD viewer; enforced by generic lifecycle/RBAC and specific guards where machine-checkable
SO-009,C.18 Surgical Oncology,Histopathology Review (Surgeon),named product/safety rule,Surgical Oncology | Pathology,Pasted markdown(20260905-185907).md,Supplied PRD source,Attached to owning executable screen; source text visible in PRD viewer; enforced by generic lifecycle/RBAC and specific guards where machine-checkable
SO-016,C.18 Surgical Oncology,Histopathology Review (Surgeon),named product/safety rule,Surgical Oncology | Pathology,Pasted markdown(20260905-185907).md,Supplied PRD source,Attached to owning executable screen; source text visible in PRD viewer; enforced by generic lifecycle/RBAC and specific guards where machine-checkable
SO-017,C.18 Surgical Oncology,Histopathology Review (Surgeon),named product/safety rule,Surgical Oncology | Pathology,Pasted markdown(20260905-185907).md,Supplied PRD source,Attached to owning executable screen; source text visible in PRD viewer; enforced by generic lifecycle/RBAC and specific guards where machine-checkable
SO-018,C.18 Surgical Oncology,Histopathology Review (Surgeon),named product/safety rule,Surgical Oncology | Pathology,Pasted markdown(20260905-185907).md,Supplied PRD source,Attached to owning executable screen; source text visible in PRD viewer; enforced by generic lifecycle/RBAC and specific guards where machine-checkable
SO-061,C.18 Surgical Oncology,Histopathology Review (Surgeon),named product/safety rule,Surgical Oncology | Pathology,Pasted markdown(20260905-185907).md,Supplied PRD source,Attached to owning executable screen; source text visible in PRD viewer; enforced by generic lifecycle/RBAC and specific guards where machine-checkable
SCR-SO-017,C.18 Surgical Oncology,Pathological Stage Review,form,Medical Oncology | Radiation Oncology | Surgical Oncology | Pathology,Pasted markdown(20260905-185907).md,Supplied PRD source,Executable PC4 schema + API + role-scoped UI + persistence/version lifecycle
SO-016,C.18 Surgical Oncology,Pathological Stage Review,named product/safety rule,Medical Oncology | Radiation Oncology | Surgical Oncology | Pathology,Pasted markdown(20260905-185907).md,Supplied PRD source,Attached to owning executable screen; source text visible in PRD viewer; enforced by generic lifecycle/RBAC and specific guards where machine-checkable
SO-017,C.18 Surgical Oncology,Pathological Stage Review,named product/safety rule,Medical Oncology | Radiation Oncology | Surgical Oncology | Pathology,Pasted markdown(20260905-185907).md,Supplied PRD source,Attached to owning executable screen; source text visible in PRD viewer; enforced by generic lifecycle/RBAC and specific guards where machine-checkable
SCR-SO-018,C.18 Surgical Oncology,Adjuvant Handoff,form,Nurse Navigator | Surgical Oncology | MDT Coordinator,Pasted markdown(20260905-185907).md,Supplied PRD source,Executable PC4 schema + API + role-scoped UI + persistence/version lifecycle
MO-INV-010,C.18 Surgical Oncology,Adjuvant Handoff,named product/safety rule,Nurse Navigator | Surgical Oncology | MDT Coordinator,Pasted markdown(20260905-185907).md,Supplied PRD source,Attached to owning executable screen; source text visible in PRD viewer; enforced by generic lifecycle/RBAC and specific guards where machine-checkable
SO-015,C.18 Surgical Oncology,Adjuvant Handoff,named product/safety rule,Nurse Navigator | Surgical Oncology | MDT Coordinator,Pasted markdown(20260905-185907).md,Supplied PRD source,Attached to owning executable screen; source text visible in PRD viewer; enforced by generic lifecycle/RBAC and specific guards where machine-checkable
SO-016,C.18 Surgical Oncology,Adjuvant Handoff,named product/safety rule,Nurse Navigator | Surgical Oncology | MDT Coordinator,Pasted markdown(20260905-185907).md,Supplied PRD source,Attached to owning executable screen; source text visible in PRD viewer; enforced by generic lifecycle/RBAC and specific guards where machine-checkable
SO-017,C.18 Surgical Oncology,Adjuvant Handoff,named product/safety rule,Nurse Navigator | Surgical Oncology | MDT Coordinator,Pasted markdown(20260905-185907).md,Supplied PRD source,Attached to owning executable screen; source text visible in PRD viewer; enforced by generic lifecycle/RBAC and specific guards where machine-checkable
SO-018,C.18 Surgical Oncology,Adjuvant Handoff,named product/safety rule,Nurse Navigator | Surgical Oncology | MDT Coordinator,Pasted markdown(20260905-185907).md,Supplied PRD source,Attached to owning executable screen; source text visible in PRD viewer; enforced by generic lifecycle/RBAC and specific guards where machine-checkable
SO-061,C.18 Surgical Oncology,Adjuvant Handoff,named product/safety rule,Nurse Navigator | Surgical Oncology | MDT Coordinator,Pasted markdown(20260905-185907).md,Supplied PRD source,Attached to owning executable screen; source text visible in PRD viewer; enforced by generic lifecycle/RBAC and specific guards where machine-checkable
SO-062,C.18 Surgical Oncology,Adjuvant Handoff,named product/safety rule,Nurse Navigator | Surgical Oncology | MDT Coordinator,Pasted markdown(20260905-185907).md,Supplied PRD source,Attached to owning executable screen; source text visible in PRD viewer; enforced by generic lifecycle/RBAC and specific guards where machine-checkable
SO-063,C.18 Surgical Oncology,Adjuvant Handoff,named product/safety rule,Nurse Navigator | Surgical Oncology | MDT Coordinator,Pasted markdown(20260905-185907).md,Supplied PRD source,Attached to owning executable screen; source text visible in PRD viewer; enforced by generic lifecycle/RBAC and specific guards where machine-checkable
SCR-SO-019,C.18 Surgical Oncology,Surgical Follow-up,form,Surgical Oncology,Pasted markdown(20260905-185907).md,Supplied PRD source,Executable PC4 schema + API + role-scoped UI + persistence/version lifecycle
SO-012,C.18 Surgical Oncology,Surgical Follow-up,named product/safety rule,Surgical Oncology,Pasted markdown(20260905-185907).md,Supplied PRD source,Attached to owning executable screen; source text visible in PRD viewer; enforced by generic lifecycle/RBAC and specific guards where machine-checkable
SO-015,C.18 Surgical Oncology,Surgical Follow-up,named product/safety rule,Surgical Oncology,Pasted markdown(20260905-185907).md,Supplied PRD source,Attached to owning executable screen; source text visible in PRD viewer; enforced by generic lifecycle/RBAC and specific guards where machine-checkable
SO-018,C.18 Surgical Oncology,Surgical Follow-up,named product/safety rule,Surgical Oncology,Pasted markdown(20260905-185907).md,Supplied PRD source,Attached to owning executable screen; source text visible in PRD viewer; enforced by generic lifecycle/RBAC and specific guards where machine-checkable
SO-019,C.18 Surgical Oncology,Surgical Follow-up,named product/safety rule,Surgical Oncology,Pasted markdown(20260905-185907).md,Supplied PRD source,Attached to owning executable screen; source text visible in PRD viewer; enforced by generic lifecycle/RBAC and specific guards where machine-checkable
SCR-SO-020,C.18 Surgical Oncology,Surgical Discharge,form,Surgical Oncology | Inpatient Oncology Nurse,Pasted markdown(20260905-185907).md,Supplied PRD source,Executable PC4 schema + API + role-scoped UI + persistence/version lifecycle
MAR-025,C.18 Surgical Oncology,Surgical Discharge,named product/safety rule,Surgical Oncology | Inpatient Oncology Nurse,Pasted markdown(20260905-185907).md,Supplied PRD source,Attached to owning executable screen; source text visible in PRD viewer; enforced by generic lifecycle/RBAC and specific guards where machine-checkable
MO-CON-060,C.18 Surgical Oncology,Surgical Discharge,named product/safety rule,Surgical Oncology | Inpatient Oncology Nurse,Pasted markdown(20260905-185907).md,Supplied PRD source,Attached to owning executable screen; source text visible in PRD viewer; enforced by generic lifecycle/RBAC and specific guards where machine-checkable
SO-004,C.18 Surgical Oncology,Surgical Discharge,named product/safety rule,Surgical Oncology | Inpatient Oncology Nurse,Pasted markdown(20260905-185907).md,Supplied PRD source,Attached to owning executable screen; source text visible in PRD viewer; enforced by generic lifecycle/RBAC and specific guards where machine-checkable
SO-009,C.18 Surgical Oncology,Surgical Discharge,named product/safety rule,Surgical Oncology | Inpatient Oncology Nurse,Pasted markdown(20260905-185907).md,Supplied PRD source,Attached to owning executable screen; source text visible in PRD viewer; enforced by generic lifecycle/RBAC and specific guards where machine-checkable
SO-012,C.18 Surgical Oncology,Surgical Discharge,named product/safety rule,Surgical Oncology | Inpatient Oncology Nurse,Pasted markdown(20260905-185907).md,Supplied PRD source,Attached to owning executable screen; source text visible in PRD viewer; enforced by generic lifecycle/RBAC and specific guards where machine-checkable
SO-015,C.18 Surgical Oncology,Surgical Discharge,named product/safety rule,Surgical Oncology | Inpatient Oncology Nurse,Pasted markdown(20260905-185907).md,Supplied PRD source,Attached to owning executable screen; source text visible in PRD viewer; enforced by generic lifecycle/RBAC and specific guards where machine-checkable
SO-018,C.18 Surgical Oncology,Surgical Discharge,named product/safety rule,Surgical Oncology | Inpatient Oncology Nurse,Pasted markdown(20260905-185907).md,Supplied PRD source,Attached to owning executable screen; source text visible in PRD viewer; enforced by generic lifecycle/RBAC and specific guards where machine-checkable
SO-019,C.18 Surgical Oncology,Surgical Discharge,named product/safety rule,Surgical Oncology | Inpatient Oncology Nurse,Pasted markdown(20260905-185907).md,Supplied PRD source,Attached to owning executable screen; source text visible in PRD viewer; enforced by generic lifecycle/RBAC and specific guards where machine-checkable
SO-020,C.18 Surgical Oncology,Surgical Discharge,named product/safety rule,Surgical Oncology | Inpatient Oncology Nurse,Pasted markdown(20260905-185907).md,Supplied PRD source,Attached to owning executable screen; source text visible in PRD viewer; enforced by generic lifecycle/RBAC and specific guards where machine-checkable
SO-059,C.18 Surgical Oncology,Surgical Discharge,named product/safety rule,Surgical Oncology | Inpatient Oncology Nurse,Pasted markdown(20260905-185907).md,Supplied PRD source,Attached to owning executable screen; source text visible in PRD viewer; enforced by generic lifecycle/RBAC and specific guards where machine-checkable
SO-064,C.18 Surgical Oncology,Surgical Discharge,named product/safety rule,Surgical Oncology | Inpatient Oncology Nurse,Pasted markdown(20260905-185907).md,Supplied PRD source,Attached to owning executable screen; source text visible in PRD viewer; enforced by generic lifecycle/RBAC and specific guards where machine-checkable
SO-065,C.18 Surgical Oncology,Surgical Discharge,named product/safety rule,Surgical Oncology | Inpatient Oncology Nurse,Pasted markdown(20260905-185907).md,Supplied PRD source,Attached to owning executable screen; source text visible in PRD viewer; enforced by generic lifecycle/RBAC and specific guards where machine-checkable
SCR-SO-021,C.18 Surgical Oncology,Intraoperative Frozen Section Consultation,form,Surgical Oncology | Pathology,Pasted markdown(20260905-185907).md,Supplied PRD source,Executable PC4 schema + API + role-scoped UI + persistence/version lifecycle
MDT-020,C.18 Surgical Oncology,Intraoperative Frozen Section Consultation,named product/safety rule,Surgical Oncology | Pathology,Pasted markdown(20260905-185907).md,Supplied PRD source,Attached to owning executable screen; source text visible in PRD viewer; enforced by generic lifecycle/RBAC and specific guards where machine-checkable
SO-009,C.18 Surgical Oncology,Intraoperative Frozen Section Consultation,named product/safety rule,Surgical Oncology | Pathology,Pasted markdown(20260905-185907).md,Supplied PRD source,Attached to owning executable screen; source text visible in PRD viewer; enforced by generic lifecycle/RBAC and specific guards where machine-checkable
SO-021,C.18 Surgical Oncology,Intraoperative Frozen Section Consultation,named product/safety rule,Surgical Oncology | Pathology,Pasted markdown(20260905-185907).md,Supplied PRD source,Attached to owning executable screen; source text visible in PRD viewer; enforced by generic lifecycle/RBAC and specific guards where machine-checkable
SO-055,C.18 Surgical Oncology,Intraoperative Frozen Section Consultation,named product/safety rule,Surgical Oncology | Pathology,Pasted markdown(20260905-185907).md,Supplied PRD source,Attached to owning executable screen; source text visible in PRD viewer; enforced by generic lifecycle/RBAC and specific guards where machine-checkable
SO-066,C.18 Surgical Oncology,Intraoperative Frozen Section Consultation,named product/safety rule,Surgical Oncology | Pathology,Pasted markdown(20260905-185907).md,Supplied PRD source,Attached to owning executable screen; source text visible in PRD viewer; enforced by generic lifecycle/RBAC and specific guards where machine-checkable
SCR-PAT-001,C.19 Pathology,Pathology Worklist / Case Board,worklist,Pathology,PC4_0_TARGET_STATE_COMPLETION.md,Reconstructed target-state completion from supplied Part A/B and established requirements,Executable PC4 schema + API + role-scoped UI + persistence/version lifecycle
PAT-001,C.19 Pathology,Pathology Worklist / Case Board,named product/safety rule,Pathology,PC4_0_TARGET_STATE_COMPLETION.md,Reconstructed target-state completion from supplied Part A/B and established requirements,Attached to owning executable screen; source text visible in PRD viewer; enforced by generic lifecycle/RBAC and specific guards where machine-checkable
SCR-PAT-002,C.19 Pathology,Specimen Receipt & Accession,form,Pathology,PC4_0_TARGET_STATE_COMPLETION.md,Reconstructed target-state completion from supplied Part A/B and established requirements,Executable PC4 schema + API + role-scoped UI + persistence/version lifecycle
PAT-002,C.19 Pathology,Specimen Receipt & Accession,named product/safety rule,Pathology,PC4_0_TARGET_STATE_COMPLETION.md,Reconstructed target-state completion from supplied Part A/B and established requirements,Attached to owning executable screen; source text visible in PRD viewer; enforced by generic lifecycle/RBAC and specific guards where machine-checkable
SCR-PAT-003,C.19 Pathology,Gross Examination / Macroscopy,form,Pathology,PC4_0_TARGET_STATE_COMPLETION.md,Reconstructed target-state completion from supplied Part A/B and established requirements,Executable PC4 schema + API + role-scoped UI + persistence/version lifecycle
PAT-003,C.19 Pathology,Gross Examination / Macroscopy,named product/safety rule,Pathology,PC4_0_TARGET_STATE_COMPLETION.md,Reconstructed target-state completion from supplied Part A/B and established requirements,Attached to owning executable screen; source text visible in PRD viewer; enforced by generic lifecycle/RBAC and specific guards where machine-checkable
SCR-PAT-004,C.19 Pathology,Block / Slide Management & Processing Queue,worklist,Pathology,PC4_0_TARGET_STATE_COMPLETION.md,Reconstructed target-state completion from supplied Part A/B and established requirements,Executable PC4 schema + API + role-scoped UI + persistence/version lifecycle
PAT-004,C.19 Pathology,Block / Slide Management & Processing Queue,named product/safety rule,Pathology,PC4_0_TARGET_STATE_COMPLETION.md,Reconstructed target-state completion from supplied Part A/B and established requirements,Attached to owning executable screen; source text visible in PRD viewer; enforced by generic lifecycle/RBAC and specific guards where machine-checkable
SCR-PAT-005,C.19 Pathology,Synoptic Oncology Pathology Report,form,Pathology,PC4_0_TARGET_STATE_COMPLETION.md,Reconstructed target-state completion from supplied Part A/B and established requirements,Executable PC4 schema + API + role-scoped UI + persistence/version lifecycle
PAT-005,C.19 Pathology,Synoptic Oncology Pathology Report,named product/safety rule,Pathology,PC4_0_TARGET_STATE_COMPLETION.md,Reconstructed target-state completion from supplied Part A/B and established requirements,Attached to owning executable screen; source text visible in PRD viewer; enforced by generic lifecycle/RBAC and specific guards where machine-checkable
SCR-PAT-006,C.19 Pathology,Margin Assessment,form,Pathology,PC4_0_TARGET_STATE_COMPLETION.md,Reconstructed target-state completion from supplied Part A/B and established requirements,Executable PC4 schema + API + role-scoped UI + persistence/version lifecycle
PAT-006,C.19 Pathology,Margin Assessment,named product/safety rule,Pathology,PC4_0_TARGET_STATE_COMPLETION.md,Reconstructed target-state completion from supplied Part A/B and established requirements,Attached to owning executable screen; source text visible in PRD viewer; enforced by generic lifecycle/RBAC and specific guards where machine-checkable
SCR-PAT-007,C.19 Pathology,Lymph Node Assessment,form,Pathology,PC4_0_TARGET_STATE_COMPLETION.md,Reconstructed target-state completion from supplied Part A/B and established requirements,Executable PC4 schema + API + role-scoped UI + persistence/version lifecycle
PAT-007,C.19 Pathology,Lymph Node Assessment,named product/safety rule,Pathology,PC4_0_TARGET_STATE_COMPLETION.md,Reconstructed target-state completion from supplied Part A/B and established requirements,Attached to owning executable screen; source text visible in PRD viewer; enforced by generic lifecycle/RBAC and specific guards where machine-checkable
SCR-PAT-008,C.19 Pathology,Treatment Effect / Pathological Response,form,Pathology,PC4_0_TARGET_STATE_COMPLETION.md,Reconstructed target-state completion from supplied Part A/B and established requirements,Executable PC4 schema + API + role-scoped UI + persistence/version lifecycle
PAT-008,C.19 Pathology,Treatment Effect / Pathological Response,named product/safety rule,Pathology,PC4_0_TARGET_STATE_COMPLETION.md,Reconstructed target-state completion from supplied Part A/B and established requirements,Attached to owning executable screen; source text visible in PRD viewer; enforced by generic lifecycle/RBAC and specific guards where machine-checkable
SCR-PAT-009,C.19 Pathology,Pathological TNM Assignment,form,Pathology,PC4_0_TARGET_STATE_COMPLETION.md,Reconstructed target-state completion from supplied Part A/B and established requirements,Executable PC4 schema + API + role-scoped UI + persistence/version lifecycle
PAT-009,C.19 Pathology,Pathological TNM Assignment,named product/safety rule,Pathology,PC4_0_TARGET_STATE_COMPLETION.md,Reconstructed target-state completion from supplied Part A/B and established requirements,Attached to owning executable screen; source text visible in PRD viewer; enforced by generic lifecycle/RBAC and specific guards where machine-checkable
SCR-PAT-010,C.19 Pathology,Ancillary / IHC / Biomarker Testing Tracker,worklist,Pathology,PC4_0_TARGET_STATE_COMPLETION.md,Reconstructed target-state completion from supplied Part A/B and established requirements,Executable PC4 schema + API + role-scoped UI + persistence/version lifecycle
PAT-010,C.19 Pathology,Ancillary / IHC / Biomarker Testing Tracker,named product/safety rule,Pathology,PC4_0_TARGET_STATE_COMPLETION.md,Reconstructed target-state completion from supplied Part A/B and established requirements,Attached to owning executable screen; source text visible in PRD viewer; enforced by generic lifecycle/RBAC and specific guards where machine-checkable
SCR-PAT-011,C.19 Pathology,Molecular / Genomic Reporting,form,Pathology,PC4_0_TARGET_STATE_COMPLETION.md,Reconstructed target-state completion from supplied Part A/B and established requirements,Executable PC4 schema + API + role-scoped UI + persistence/version lifecycle
PAT-011,C.19 Pathology,Molecular / Genomic Reporting,named product/safety rule,Pathology,PC4_0_TARGET_STATE_COMPLETION.md,Reconstructed target-state completion from supplied Part A/B and established requirements,Attached to owning executable screen; source text visible in PRD viewer; enforced by generic lifecycle/RBAC and specific guards where machine-checkable
SCR-PAT-012,C.19 Pathology,Frozen Section / Intra-operative Pathology,form,Pathology,PC4_0_TARGET_STATE_COMPLETION.md,Reconstructed target-state completion from supplied Part A/B and established requirements,Executable PC4 schema + API + role-scoped UI + persistence/version lifecycle
PAT-012,C.19 Pathology,Frozen Section / Intra-operative Pathology,named product/safety rule,Pathology,PC4_0_TARGET_STATE_COMPLETION.md,Reconstructed target-state completion from supplied Part A/B and established requirements,Attached to owning executable screen; source text visible in PRD viewer; enforced by generic lifecycle/RBAC and specific guards where machine-checkable
SCR-PAT-013,C.19 Pathology,Second Opinion / External Pathology Review,form,Pathology,PC4_0_TARGET_STATE_COMPLETION.md,Reconstructed target-state completion from supplied Part A/B and established requirements,Executable PC4 schema + API + role-scoped UI + persistence/version lifecycle
PAT-013,C.19 Pathology,Second Opinion / External Pathology Review,named product/safety rule,Pathology,PC4_0_TARGET_STATE_COMPLETION.md,Reconstructed target-state completion from supplied Part A/B and established requirements,Attached to owning executable screen; source text visible in PRD viewer; enforced by generic lifecycle/RBAC and specific guards where machine-checkable
SCR-PAT-014,C.19 Pathology,Pathology Addendum / Amendment,form,Pathology,PC4_0_TARGET_STATE_COMPLETION.md,Reconstructed target-state completion from supplied Part A/B and established requirements,Executable PC4 schema + API + role-scoped UI + persistence/version lifecycle
PAT-014,C.19 Pathology,Pathology Addendum / Amendment,named product/safety rule,Pathology,PC4_0_TARGET_STATE_COMPLETION.md,Reconstructed target-state completion from supplied Part A/B and established requirements,Attached to owning executable screen; source text visible in PRD viewer; enforced by generic lifecycle/RBAC and specific guards where machine-checkable
SCR-PAT-015,C.19 Pathology,Pathology Critical / Unexpected Result Communication,form,Pathology,PC4_0_TARGET_STATE_COMPLETION.md,Reconstructed target-state completion from supplied Part A/B and established requirements,Executable PC4 schema + API + role-scoped UI + persistence/version lifecycle
PAT-015,C.19 Pathology,Pathology Critical / Unexpected Result Communication,named product/safety rule,Pathology,PC4_0_TARGET_STATE_COMPLETION.md,Reconstructed target-state completion from supplied Part A/B and established requirements,Attached to owning executable screen; source text visible in PRD viewer; enforced by generic lifecycle/RBAC and specific guards where machine-checkable
SCR-PAT-016,C.19 Pathology,Pathology MDT Review Note,form,Pathology,PC4_0_TARGET_STATE_COMPLETION.md,Reconstructed target-state completion from supplied Part A/B and established requirements,Executable PC4 schema + API + role-scoped UI + persistence/version lifecycle
PAT-016,C.19 Pathology,Pathology MDT Review Note,named product/safety rule,Pathology,PC4_0_TARGET_STATE_COMPLETION.md,Reconstructed target-state completion from supplied Part A/B and established requirements,Attached to owning executable screen; source text visible in PRD viewer; enforced by generic lifecycle/RBAC and specific guards where machine-checkable
SCR-PAT-017,C.19 Pathology,Specimen / Block / Slide Archive & Custody,worklist,Pathology,PC4_0_TARGET_STATE_COMPLETION.md,Reconstructed target-state completion from supplied Part A/B and established requirements,Executable PC4 schema + API + role-scoped UI + persistence/version lifecycle
PAT-017,C.19 Pathology,Specimen / Block / Slide Archive & Custody,named product/safety rule,Pathology,PC4_0_TARGET_STATE_COMPLETION.md,Reconstructed target-state completion from supplied Part A/B and established requirements,Attached to owning executable screen; source text visible in PRD viewer; enforced by generic lifecycle/RBAC and specific guards where machine-checkable
SCR-PAT-018,C.19 Pathology,Pathology Quality / TAT Dashboard,worklist,Pathology,PC4_0_TARGET_STATE_COMPLETION.md,Reconstructed target-state completion from supplied Part A/B and established requirements,Executable PC4 schema + API + role-scoped UI + persistence/version lifecycle
PAT-018,C.19 Pathology,Pathology Quality / TAT Dashboard,named product/safety rule,Pathology,PC4_0_TARGET_STATE_COMPLETION.md,Reconstructed target-state completion from supplied Part A/B and established requirements,Attached to owning executable screen; source text visible in PRD viewer; enforced by generic lifecycle/RBAC and specific guards where machine-checkable
SCR-RAD-001,C.20 Radiology,Reporting Worklist,worklist,Radiologist,PC4_0_TARGET_STATE_COMPLETION.md,Reconstructed target-state completion from supplied Part A/B and established requirements,Executable PC4 schema + API + role-scoped UI + persistence/version lifecycle
RAD-001,C.20 Radiology,Reporting Worklist,named product/safety rule,Radiologist,PC4_0_TARGET_STATE_COMPLETION.md,Reconstructed target-state completion from supplied Part A/B and established requirements,Attached to owning executable screen; source text visible in PRD viewer; enforced by generic lifecycle/RBAC and specific guards where machine-checkable
SCR-RAD-002,C.20 Radiology,Study Protocolling,form,Radiologist,PC4_0_TARGET_STATE_COMPLETION.md,Reconstructed target-state completion from supplied Part A/B and established requirements,Executable PC4 schema + API + role-scoped UI + persistence/version lifecycle
RAD-002,C.20 Radiology,Study Protocolling,named product/safety rule,Radiologist,PC4_0_TARGET_STATE_COMPLETION.md,Reconstructed target-state completion from supplied Part A/B and established requirements,Attached to owning executable screen; source text visible in PRD viewer; enforced by generic lifecycle/RBAC and specific guards where machine-checkable
SCR-RAD-003,C.20 Radiology,Structured Oncology Report,form,Radiologist,PC4_0_TARGET_STATE_COMPLETION.md,Reconstructed target-state completion from supplied Part A/B and established requirements,Executable PC4 schema + API + role-scoped UI + persistence/version lifecycle
RAD-003,C.20 Radiology,Structured Oncology Report,named product/safety rule,Radiologist,PC4_0_TARGET_STATE_COMPLETION.md,Reconstructed target-state completion from supplied Part A/B and established requirements,Attached to owning executable screen; source text visible in PRD viewer; enforced by generic lifecycle/RBAC and specific guards where machine-checkable
SCR-RAD-004,C.20 Radiology,Lesion Tracking & Measurement Workspace,form,Radiologist,PC4_0_TARGET_STATE_COMPLETION.md,Reconstructed target-state completion from supplied Part A/B and established requirements,Executable PC4 schema + API + role-scoped UI + persistence/version lifecycle
RAD-004,C.20 Radiology,Lesion Tracking & Measurement Workspace,named product/safety rule,Radiologist,PC4_0_TARGET_STATE_COMPLETION.md,Reconstructed target-state completion from supplied Part A/B and established requirements,Attached to owning executable screen; source text visible in PRD viewer; enforced by generic lifecycle/RBAC and specific guards where machine-checkable
SCR-RAD-005,C.20 Radiology,Radiologist Response Proposal,form,Radiologist,PC4_0_TARGET_STATE_COMPLETION.md,Reconstructed target-state completion from supplied Part A/B and established requirements,Executable PC4 schema + API + role-scoped UI + persistence/version lifecycle
RAD-005,C.20 Radiology,Radiologist Response Proposal,named product/safety rule,Radiologist,PC4_0_TARGET_STATE_COMPLETION.md,Reconstructed target-state completion from supplied Part A/B and established requirements,Attached to owning executable screen; source text visible in PRD viewer; enforced by generic lifecycle/RBAC and specific guards where machine-checkable
SCR-RAD-006,C.20 Radiology,Critical Finding Communication,form,Radiologist,PC4_0_TARGET_STATE_COMPLETION.md,Reconstructed target-state completion from supplied Part A/B and established requirements,Executable PC4 schema + API + role-scoped UI + persistence/version lifecycle
RAD-006,C.20 Radiology,Critical Finding Communication,named product/safety rule,Radiologist,PC4_0_TARGET_STATE_COMPLETION.md,Reconstructed target-state completion from supplied Part A/B and established requirements,Attached to owning executable screen; source text visible in PRD viewer; enforced by generic lifecycle/RBAC and specific guards where machine-checkable
SCR-RAD-007,C.20 Radiology,Radiology Addendum / Amendment,form,Radiologist,PC4_0_TARGET_STATE_COMPLETION.md,Reconstructed target-state completion from supplied Part A/B and established requirements,Executable PC4 schema + API + role-scoped UI + persistence/version lifecycle
RAD-007,C.20 Radiology,Radiology Addendum / Amendment,named product/safety rule,Radiologist,PC4_0_TARGET_STATE_COMPLETION.md,Reconstructed target-state completion from supplied Part A/B and established requirements,Attached to owning executable screen; source text visible in PRD viewer; enforced by generic lifecycle/RBAC and specific guards where machine-checkable
SCR-RAD-008,C.20 Radiology,External Imaging Reconciliation,worklist,Radiologist,PC4_0_TARGET_STATE_COMPLETION.md,Reconstructed target-state completion from supplied Part A/B and established requirements,Executable PC4 schema + API + role-scoped UI + persistence/version lifecycle
RAD-008,C.20 Radiology,External Imaging Reconciliation,named product/safety rule,Radiologist,PC4_0_TARGET_STATE_COMPLETION.md,Reconstructed target-state completion from supplied Part A/B and established requirements,Attached to owning executable screen; source text visible in PRD viewer; enforced by generic lifecycle/RBAC and specific guards where machine-checkable
SCR-RAD-009,C.20 Radiology,Radiology MDT Review Note,form,Radiologist,PC4_0_TARGET_STATE_COMPLETION.md,Reconstructed target-state completion from supplied Part A/B and established requirements,Executable PC4 schema + API + role-scoped UI + persistence/version lifecycle
RAD-009,C.20 Radiology,Radiology MDT Review Note,named product/safety rule,Radiologist,PC4_0_TARGET_STATE_COMPLETION.md,Reconstructed target-state completion from supplied Part A/B and established requirements,Attached to owning executable screen; source text visible in PRD viewer; enforced by generic lifecycle/RBAC and specific guards where machine-checkable
SCR-RAD-010,C.20 Radiology,Image-Guided Procedure Note,form,Radiologist,PC4_0_TARGET_STATE_COMPLETION.md,Reconstructed target-state completion from supplied Part A/B and established requirements,Executable PC4 schema + API + role-scoped UI + persistence/version lifecycle
RAD-010,C.20 Radiology,Image-Guided Procedure Note,named product/safety rule,Radiologist,PC4_0_TARGET_STATE_COMPLETION.md,Reconstructed target-state completion from supplied Part A/B and established requirements,Attached to owning executable screen; source text visible in PRD viewer; enforced by generic lifecycle/RBAC and specific guards where machine-checkable
SCR-RAD-011,C.20 Radiology,Contrast Safety / Reaction Record,form,Radiologist,PC4_0_TARGET_STATE_COMPLETION.md,Reconstructed target-state completion from supplied Part A/B and established requirements,Executable PC4 schema + API + role-scoped UI + persistence/version lifecycle
RAD-011,C.20 Radiology,Contrast Safety / Reaction Record,named product/safety rule,Radiologist,PC4_0_TARGET_STATE_COMPLETION.md,Reconstructed target-state completion from supplied Part A/B and established requirements,Attached to owning executable screen; source text visible in PRD viewer; enforced by generic lifecycle/RBAC and specific guards where machine-checkable
SCR-RAD-012,C.20 Radiology,Imaging Comparison / Baseline Designation,form,Radiologist,PC4_0_TARGET_STATE_COMPLETION.md,Reconstructed target-state completion from supplied Part A/B and established requirements,Executable PC4 schema + API + role-scoped UI + persistence/version lifecycle
RAD-012,C.20 Radiology,Imaging Comparison / Baseline Designation,named product/safety rule,Radiologist,PC4_0_TARGET_STATE_COMPLETION.md,Reconstructed target-state completion from supplied Part A/B and established requirements,Attached to owning executable screen; source text visible in PRD viewer; enforced by generic lifecycle/RBAC and specific guards where machine-checkable
SCR-RAD-013,C.20 Radiology,Second Read / Peer Review,form,Radiologist,PC4_0_TARGET_STATE_COMPLETION.md,Reconstructed target-state completion from supplied Part A/B and established requirements,Executable PC4 schema + API + role-scoped UI + persistence/version lifecycle
RAD-013,C.20 Radiology,Second Read / Peer Review,named product/safety rule,Radiologist,PC4_0_TARGET_STATE_COMPLETION.md,Reconstructed target-state completion from supplied Part A/B and established requirements,Attached to owning executable screen; source text visible in PRD viewer; enforced by generic lifecycle/RBAC and specific guards where machine-checkable
SCR-RAD-014,C.20 Radiology,Radiology TAT / Quality Dashboard,worklist,Radiologist,PC4_0_TARGET_STATE_COMPLETION.md,Reconstructed target-state completion from supplied Part A/B and established requirements,Executable PC4 schema + API + role-scoped UI + persistence/version lifecycle
RAD-014,C.20 Radiology,Radiology TAT / Quality Dashboard,named product/safety rule,Radiologist,PC4_0_TARGET_STATE_COMPLETION.md,Reconstructed target-state completion from supplied Part A/B and established requirements,Attached to owning executable screen; source text visible in PRD viewer; enforced by generic lifecycle/RBAC and specific guards where machine-checkable
SCR-RAD-015,C.20 Radiology,Report Distribution & Acknowledgement,form,Radiologist,PC4_0_TARGET_STATE_COMPLETION.md,Reconstructed target-state completion from supplied Part A/B and established requirements,Executable PC4 schema + API + role-scoped UI + persistence/version lifecycle
RAD-015,C.20 Radiology,Report Distribution & Acknowledgement,named product/safety rule,Radiologist,PC4_0_TARGET_STATE_COMPLETION.md,Reconstructed target-state completion from supplied Part A/B and established requirements,Attached to owning executable screen; source text visible in PRD viewer; enforced by generic lifecycle/RBAC and specific guards where machine-checkable
SCR-IPD-001,C.21 Inpatient Oncology,Inpatient Oncology Worklist,worklist,Inpatient Oncology Clinician | Inpatient Oncology Nurse | Day Care / Infusion Nurse,PC4_0_TARGET_STATE_COMPLETION.md,Reconstructed target-state completion from supplied Part A/B and established requirements,Executable PC4 schema + API + role-scoped UI + persistence/version lifecycle
IPD-001,C.21 Inpatient Oncology,Inpatient Oncology Worklist,named product/safety rule,Inpatient Oncology Clinician | Inpatient Oncology Nurse | Day Care / Infusion Nurse,PC4_0_TARGET_STATE_COMPLETION.md,Reconstructed target-state completion from supplied Part A/B and established requirements,Attached to owning executable screen; source text visible in PRD viewer; enforced by generic lifecycle/RBAC and specific guards where machine-checkable
SCR-IPD-002,C.21 Inpatient Oncology,Admission Request / Bed Request,form,Inpatient Oncology Clinician | Inpatient Oncology Nurse | Day Care / Infusion Nurse,PC4_0_TARGET_STATE_COMPLETION.md,Reconstructed target-state completion from supplied Part A/B and established requirements,Executable PC4 schema + API + role-scoped UI + persistence/version lifecycle
IPD-002,C.21 Inpatient Oncology,Admission Request / Bed Request,named product/safety rule,Inpatient Oncology Clinician | Inpatient Oncology Nurse | Day Care / Infusion Nurse,PC4_0_TARGET_STATE_COMPLETION.md,Reconstructed target-state completion from supplied Part A/B and established requirements,Attached to owning executable screen; source text visible in PRD viewer; enforced by generic lifecycle/RBAC and specific guards where machine-checkable
SCR-IPD-003,C.21 Inpatient Oncology,Bed Assignment & Admission,form,Inpatient Oncology Clinician | Inpatient Oncology Nurse | Day Care / Infusion Nurse,PC4_0_TARGET_STATE_COMPLETION.md,Reconstructed target-state completion from supplied Part A/B and established requirements,Executable PC4 schema + API + role-scoped UI + persistence/version lifecycle
IPD-003,C.21 Inpatient Oncology,Bed Assignment & Admission,named product/safety rule,Inpatient Oncology Clinician | Inpatient Oncology Nurse | Day Care / Infusion Nurse,PC4_0_TARGET_STATE_COMPLETION.md,Reconstructed target-state completion from supplied Part A/B and established requirements,Attached to owning executable screen; source text visible in PRD viewer; enforced by generic lifecycle/RBAC and specific guards where machine-checkable
SCR-IPD-004,C.21 Inpatient Oncology,Inpatient Oncology Admission H&P,form,Inpatient Oncology Clinician | Inpatient Oncology Nurse | Day Care / Infusion Nurse,PC4_0_TARGET_STATE_COMPLETION.md,Reconstructed target-state completion from supplied Part A/B and established requirements,Executable PC4 schema + API + role-scoped UI + persistence/version lifecycle
IPD-004,C.21 Inpatient Oncology,Inpatient Oncology Admission H&P,named product/safety rule,Inpatient Oncology Clinician | Inpatient Oncology Nurse | Day Care / Infusion Nurse,PC4_0_TARGET_STATE_COMPLETION.md,Reconstructed target-state completion from supplied Part A/B and established requirements,Attached to owning executable screen; source text visible in PRD viewer; enforced by generic lifecycle/RBAC and specific guards where machine-checkable
SCR-IPD-005,C.21 Inpatient Oncology,Problem List Management,form,Inpatient Oncology Clinician | Inpatient Oncology Nurse | Day Care / Infusion Nurse,PC4_0_TARGET_STATE_COMPLETION.md,Reconstructed target-state completion from supplied Part A/B and established requirements,Executable PC4 schema + API + role-scoped UI + persistence/version lifecycle
IPD-005,C.21 Inpatient Oncology,Problem List Management,named product/safety rule,Inpatient Oncology Clinician | Inpatient Oncology Nurse | Day Care / Infusion Nurse,PC4_0_TARGET_STATE_COMPLETION.md,Reconstructed target-state completion from supplied Part A/B and established requirements,Attached to owning executable screen; source text visible in PRD viewer; enforced by generic lifecycle/RBAC and specific guards where machine-checkable
SCR-IPD-006,C.21 Inpatient Oncology,Inpatient Orders,form,Inpatient Oncology Clinician | Inpatient Oncology Nurse | Day Care / Infusion Nurse,PC4_0_TARGET_STATE_COMPLETION.md,Reconstructed target-state completion from supplied Part A/B and established requirements,Executable PC4 schema + API + role-scoped UI + persistence/version lifecycle
IPD-006,C.21 Inpatient Oncology,Inpatient Orders,named product/safety rule,Inpatient Oncology Clinician | Inpatient Oncology Nurse | Day Care / Infusion Nurse,PC4_0_TARGET_STATE_COMPLETION.md,Reconstructed target-state completion from supplied Part A/B and established requirements,Attached to owning executable screen; source text visible in PRD viewer; enforced by generic lifecycle/RBAC and specific guards where machine-checkable
SCR-IPD-007,C.21 Inpatient Oncology,Inpatient Medication Administration / Systemic Therapy Link,form,Inpatient Oncology Clinician | Inpatient Oncology Nurse | Day Care / Infusion Nurse,PC4_0_TARGET_STATE_COMPLETION.md,Reconstructed target-state completion from supplied Part A/B and established requirements,Executable PC4 schema + API + role-scoped UI + persistence/version lifecycle
IPD-007,C.21 Inpatient Oncology,Inpatient Medication Administration / Systemic Therapy Link,named product/safety rule,Inpatient Oncology Clinician | Inpatient Oncology Nurse | Day Care / Infusion Nurse,PC4_0_TARGET_STATE_COMPLETION.md,Reconstructed target-state completion from supplied Part A/B and established requirements,Attached to owning executable screen; source text visible in PRD viewer; enforced by generic lifecycle/RBAC and specific guards where machine-checkable
SCR-IPD-008,C.21 Inpatient Oncology,Daily Progress / Ward Round Note,form,Inpatient Oncology Clinician | Inpatient Oncology Nurse | Day Care / Infusion Nurse,PC4_0_TARGET_STATE_COMPLETION.md,Reconstructed target-state completion from supplied Part A/B and established requirements,Executable PC4 schema + API + role-scoped UI + persistence/version lifecycle
IPD-008,C.21 Inpatient Oncology,Daily Progress / Ward Round Note,named product/safety rule,Inpatient Oncology Clinician | Inpatient Oncology Nurse | Day Care / Infusion Nurse,PC4_0_TARGET_STATE_COMPLETION.md,Reconstructed target-state completion from supplied Part A/B and established requirements,Attached to owning executable screen; source text visible in PRD viewer; enforced by generic lifecycle/RBAC and specific guards where machine-checkable
SCR-IPD-009,C.21 Inpatient Oncology,Inpatient Nursing Assessment & Flowsheet,form,Inpatient Oncology Clinician | Inpatient Oncology Nurse | Day Care / Infusion Nurse,PC4_0_TARGET_STATE_COMPLETION.md,Reconstructed target-state completion from supplied Part A/B and established requirements,Executable PC4 schema + API + role-scoped UI + persistence/version lifecycle
IPD-009,C.21 Inpatient Oncology,Inpatient Nursing Assessment & Flowsheet,named product/safety rule,Inpatient Oncology Clinician | Inpatient Oncology Nurse | Day Care / Infusion Nurse,PC4_0_TARGET_STATE_COMPLETION.md,Reconstructed target-state completion from supplied Part A/B and established requirements,Attached to owning executable screen; source text visible in PRD viewer; enforced by generic lifecycle/RBAC and specific guards where machine-checkable
SCR-IPD-010,C.21 Inpatient Oncology,Deterioration / Escalation Note,form,Inpatient Oncology Clinician | Inpatient Oncology Nurse | Day Care / Infusion Nurse,PC4_0_TARGET_STATE_COMPLETION.md,Reconstructed target-state completion from supplied Part A/B and established requirements,Executable PC4 schema + API + role-scoped UI + persistence/version lifecycle
IPD-010,C.21 Inpatient Oncology,Deterioration / Escalation Note,named product/safety rule,Inpatient Oncology Clinician | Inpatient Oncology Nurse | Day Care / Infusion Nurse,PC4_0_TARGET_STATE_COMPLETION.md,Reconstructed target-state completion from supplied Part A/B and established requirements,Attached to owning executable screen; source text visible in PRD viewer; enforced by generic lifecycle/RBAC and specific guards where machine-checkable
SCR-IPD-011,C.21 Inpatient Oncology,Consult Request & Response,form,Inpatient Oncology Clinician | Inpatient Oncology Nurse | Day Care / Infusion Nurse,PC4_0_TARGET_STATE_COMPLETION.md,Reconstructed target-state completion from supplied Part A/B and established requirements,Executable PC4 schema + API + role-scoped UI + persistence/version lifecycle
IPD-011,C.21 Inpatient Oncology,Consult Request & Response,named product/safety rule,Inpatient Oncology Clinician | Inpatient Oncology Nurse | Day Care / Infusion Nurse,PC4_0_TARGET_STATE_COMPLETION.md,Reconstructed target-state completion from supplied Part A/B and established requirements,Attached to owning executable screen; source text visible in PRD viewer; enforced by generic lifecycle/RBAC and specific guards where machine-checkable
SCR-IPD-012,C.21 Inpatient Oncology,Goals of Care / Advance Care Planning,form,Inpatient Oncology Clinician | Inpatient Oncology Nurse | Day Care / Infusion Nurse,PC4_0_TARGET_STATE_COMPLETION.md,Reconstructed target-state completion from supplied Part A/B and established requirements,Executable PC4 schema + API + role-scoped UI + persistence/version lifecycle
IPD-012,C.21 Inpatient Oncology,Goals of Care / Advance Care Planning,named product/safety rule,Inpatient Oncology Clinician | Inpatient Oncology Nurse | Day Care / Infusion Nurse,PC4_0_TARGET_STATE_COMPLETION.md,Reconstructed target-state completion from supplied Part A/B and established requirements,Attached to owning executable screen; source text visible in PRD viewer; enforced by generic lifecycle/RBAC and specific guards where machine-checkable
SCR-IPD-013,C.21 Inpatient Oncology,Transfer / Clinical Handover,form,Inpatient Oncology Clinician | Inpatient Oncology Nurse | Day Care / Infusion Nurse,PC4_0_TARGET_STATE_COMPLETION.md,Reconstructed target-state completion from supplied Part A/B and established requirements,Executable PC4 schema + API + role-scoped UI + persistence/version lifecycle
IPD-013,C.21 Inpatient Oncology,Transfer / Clinical Handover,named product/safety rule,Inpatient Oncology Clinician | Inpatient Oncology Nurse | Day Care / Infusion Nurse,PC4_0_TARGET_STATE_COMPLETION.md,Reconstructed target-state completion from supplied Part A/B and established requirements,Attached to owning executable screen; source text visible in PRD viewer; enforced by generic lifecycle/RBAC and specific guards where machine-checkable
SCR-IPD-014,C.21 Inpatient Oncology,Inpatient Live Board,worklist,Inpatient Oncology Clinician | Inpatient Oncology Nurse | Day Care / Infusion Nurse,PC4_0_TARGET_STATE_COMPLETION.md,Reconstructed target-state completion from supplied Part A/B and established requirements,Executable PC4 schema + API + role-scoped UI + persistence/version lifecycle
IPD-014,C.21 Inpatient Oncology,Inpatient Live Board,named product/safety rule,Inpatient Oncology Clinician | Inpatient Oncology Nurse | Day Care / Infusion Nurse,PC4_0_TARGET_STATE_COMPLETION.md,Reconstructed target-state completion from supplied Part A/B and established requirements,Attached to owning executable screen; source text visible in PRD viewer; enforced by generic lifecycle/RBAC and specific guards where machine-checkable
SCR-IPD-015,C.21 Inpatient Oncology,Discharge Readiness Worklist,worklist,Inpatient Oncology Clinician | Inpatient Oncology Nurse | Day Care / Infusion Nurse,PC4_0_TARGET_STATE_COMPLETION.md,Reconstructed target-state completion from supplied Part A/B and established requirements,Executable PC4 schema + API + role-scoped UI + persistence/version lifecycle
IPD-015,C.21 Inpatient Oncology,Discharge Readiness Worklist,named product/safety rule,Inpatient Oncology Clinician | Inpatient Oncology Nurse | Day Care / Infusion Nurse,PC4_0_TARGET_STATE_COMPLETION.md,Reconstructed target-state completion from supplied Part A/B and established requirements,Attached to owning executable screen; source text visible in PRD viewer; enforced by generic lifecycle/RBAC and specific guards where machine-checkable
SCR-IPD-016,C.21 Inpatient Oncology,Inpatient Oncology Discharge Summary,form,Inpatient Oncology Clinician | Inpatient Oncology Nurse | Day Care / Infusion Nurse,PC4_0_TARGET_STATE_COMPLETION.md,Reconstructed target-state completion from supplied Part A/B and established requirements,Executable PC4 schema + API + role-scoped UI + persistence/version lifecycle
IPD-016,C.21 Inpatient Oncology,Inpatient Oncology Discharge Summary,named product/safety rule,Inpatient Oncology Clinician | Inpatient Oncology Nurse | Day Care / Infusion Nurse,PC4_0_TARGET_STATE_COMPLETION.md,Reconstructed target-state completion from supplied Part A/B and established requirements,Attached to owning executable screen; source text visible in PRD viewer; enforced by generic lifecycle/RBAC and specific guards where machine-checkable
SCR-IPD-017,C.21 Inpatient Oncology,Death Documentation,form,Inpatient Oncology Clinician | Inpatient Oncology Nurse | Day Care / Infusion Nurse,PC4_0_TARGET_STATE_COMPLETION.md,Reconstructed target-state completion from supplied Part A/B and established requirements,Executable PC4 schema + API + role-scoped UI + persistence/version lifecycle
IPD-017,C.21 Inpatient Oncology,Death Documentation,named product/safety rule,Inpatient Oncology Clinician | Inpatient Oncology Nurse | Day Care / Infusion Nurse,PC4_0_TARGET_STATE_COMPLETION.md,Reconstructed target-state completion from supplied Part A/B and established requirements,Attached to owning executable screen; source text visible in PRD viewer; enforced by generic lifecycle/RBAC and specific guards where machine-checkable
SCR-RSP-001,C.22 Response Assessment,Response Assessment Worklist,worklist,Medical Oncology,PC4_0_TARGET_STATE_COMPLETION.md,Reconstructed target-state completion from supplied Part A/B and established requirements,Executable PC4 schema + API + role-scoped UI + persistence/version lifecycle
RSP-001,C.22 Response Assessment,Response Assessment Worklist,named product/safety rule,Medical Oncology,PC4_0_TARGET_STATE_COMPLETION.md,Reconstructed target-state completion from supplied Part A/B and established requirements,Attached to owning executable screen; source text visible in PRD viewer; enforced by generic lifecycle/RBAC and specific guards where machine-checkable
SCR-RSP-002,C.22 Response Assessment,Response Assessment Initiation / Baseline,form,Medical Oncology,PC4_0_TARGET_STATE_COMPLETION.md,Reconstructed target-state completion from supplied Part A/B and established requirements,Executable PC4 schema + API + role-scoped UI + persistence/version lifecycle
RSP-002,C.22 Response Assessment,Response Assessment Initiation / Baseline,named product/safety rule,Medical Oncology,PC4_0_TARGET_STATE_COMPLETION.md,Reconstructed target-state completion from supplied Part A/B and established requirements,Attached to owning executable screen; source text visible in PRD viewer; enforced by generic lifecycle/RBAC and specific guards where machine-checkable
SCR-RSP-003,C.22 Response Assessment,Imaging Response Assessment,form,Medical Oncology,PC4_0_TARGET_STATE_COMPLETION.md,Reconstructed target-state completion from supplied Part A/B and established requirements,Executable PC4 schema + API + role-scoped UI + persistence/version lifecycle
RSP-003,C.22 Response Assessment,Imaging Response Assessment,named product/safety rule,Medical Oncology,PC4_0_TARGET_STATE_COMPLETION.md,Reconstructed target-state completion from supplied Part A/B and established requirements,Attached to owning executable screen; source text visible in PRD viewer; enforced by generic lifecycle/RBAC and specific guards where machine-checkable
SCR-RSP-004,C.22 Response Assessment,Target Lesion Comparison,form,Medical Oncology,PC4_0_TARGET_STATE_COMPLETION.md,Reconstructed target-state completion from supplied Part A/B and established requirements,Executable PC4 schema + API + role-scoped UI + persistence/version lifecycle
RSP-004,C.22 Response Assessment,Target Lesion Comparison,named product/safety rule,Medical Oncology,PC4_0_TARGET_STATE_COMPLETION.md,Reconstructed target-state completion from supplied Part A/B and established requirements,Attached to owning executable screen; source text visible in PRD viewer; enforced by generic lifecycle/RBAC and specific guards where machine-checkable
SCR-RSP-005,C.22 Response Assessment,Response Timeline Dashboard,worklist,Medical Oncology,PC4_0_TARGET_STATE_COMPLETION.md,Reconstructed target-state completion from supplied Part A/B and established requirements,Executable PC4 schema + API + role-scoped UI + persistence/version lifecycle
RSP-005,C.22 Response Assessment,Response Timeline Dashboard,named product/safety rule,Medical Oncology,PC4_0_TARGET_STATE_COMPLETION.md,Reconstructed target-state completion from supplied Part A/B and established requirements,Attached to owning executable screen; source text visible in PRD viewer; enforced by generic lifecycle/RBAC and specific guards where machine-checkable
SCR-RSP-006,C.22 Response Assessment,Clinical / Biochemical / Pathological Response Components,form,Medical Oncology,PC4_0_TARGET_STATE_COMPLETION.md,Reconstructed target-state completion from supplied Part A/B and established requirements,Executable PC4 schema + API + role-scoped UI + persistence/version lifecycle
RSP-006,C.22 Response Assessment,Clinical / Biochemical / Pathological Response Components,named product/safety rule,Medical Oncology,PC4_0_TARGET_STATE_COMPLETION.md,Reconstructed target-state completion from supplied Part A/B and established requirements,Attached to owning executable screen; source text visible in PRD viewer; enforced by generic lifecycle/RBAC and specific guards where machine-checkable
SCR-RSP-007,C.22 Response Assessment,Overall Response Confirmation,form,Medical Oncology,PC4_0_TARGET_STATE_COMPLETION.md,Reconstructed target-state completion from supplied Part A/B and established requirements,Executable PC4 schema + API + role-scoped UI + persistence/version lifecycle
RSP-007,C.22 Response Assessment,Overall Response Confirmation,named product/safety rule,Medical Oncology,PC4_0_TARGET_STATE_COMPLETION.md,Reconstructed target-state completion from supplied Part A/B and established requirements,Attached to owning executable screen; source text visible in PRD viewer; enforced by generic lifecycle/RBAC and specific guards where machine-checkable
SCR-RSP-008,C.22 Response Assessment,Response Discordance / Uncertainty Review,form,Medical Oncology,PC4_0_TARGET_STATE_COMPLETION.md,Reconstructed target-state completion from supplied Part A/B and established requirements,Executable PC4 schema + API + role-scoped UI + persistence/version lifecycle
RSP-008,C.22 Response Assessment,Response Discordance / Uncertainty Review,named product/safety rule,Medical Oncology,PC4_0_TARGET_STATE_COMPLETION.md,Reconstructed target-state completion from supplied Part A/B and established requirements,Attached to owning executable screen; source text visible in PRD viewer; enforced by generic lifecycle/RBAC and specific guards where machine-checkable
SCR-RSP-009,C.22 Response Assessment,Progression / Recurrence Event,form,Medical Oncology,PC4_0_TARGET_STATE_COMPLETION.md,Reconstructed target-state completion from supplied Part A/B and established requirements,Executable PC4 schema + API + role-scoped UI + persistence/version lifecycle
RSP-009,C.22 Response Assessment,Progression / Recurrence Event,named product/safety rule,Medical Oncology,PC4_0_TARGET_STATE_COMPLETION.md,Reconstructed target-state completion from supplied Part A/B and established requirements,Attached to owning executable screen; source text visible in PRD viewer; enforced by generic lifecycle/RBAC and specific guards where machine-checkable
SCR-RSP-010,C.22 Response Assessment,Response Decision Handoff / MDT,form,Medical Oncology,PC4_0_TARGET_STATE_COMPLETION.md,Reconstructed target-state completion from supplied Part A/B and established requirements,Executable PC4 schema + API + role-scoped UI + persistence/version lifecycle
RSP-010,C.22 Response Assessment,Response Decision Handoff / MDT,named product/safety rule,Medical Oncology,PC4_0_TARGET_STATE_COMPLETION.md,Reconstructed target-state completion from supplied Part A/B and established requirements,Attached to owning executable screen; source text visible in PRD viewer; enforced by generic lifecycle/RBAC and specific guards where machine-checkable
SCR-CMP-001,C.23 Treatment Completion,Treatment Completion Worklist,worklist,Medical Oncology,PC4_0_TARGET_STATE_COMPLETION.md,Reconstructed target-state completion from supplied Part A/B and established requirements,Executable PC4 schema + API + role-scoped UI + persistence/version lifecycle
SCR-CMP-002,C.23 Treatment Completion,End-of-Treatment Clinical Review,form,Medical Oncology,PC4_0_TARGET_STATE_COMPLETION.md,Reconstructed target-state completion from supplied Part A/B and established requirements,Executable PC4 schema + API + role-scoped UI + persistence/version lifecycle
SCR-CMP-003,C.23 Treatment Completion,Cancer Treatment Summary,form,Medical Oncology,PC4_0_TARGET_STATE_COMPLETION.md,Reconstructed target-state completion from supplied Part A/B and established requirements,Executable PC4 schema + API + role-scoped UI + persistence/version lifecycle
SCR-CMP-004,C.23 Treatment Completion,Modality Completion Reconciliation,form,Medical Oncology,PC4_0_TARGET_STATE_COMPLETION.md,Reconstructed target-state completion from supplied Part A/B and established requirements,Executable PC4 schema + API + role-scoped UI + persistence/version lifecycle
SCR-CMP-005,C.23 Treatment Completion,Cumulative Exposure & Late-Effect Baseline,form,Medical Oncology,PC4_0_TARGET_STATE_COMPLETION.md,Reconstructed target-state completion from supplied Part A/B and established requirements,Executable PC4 schema + API + role-scoped UI + persistence/version lifecycle
SCR-CMP-006,C.23 Treatment Completion,Treatment Completion Handoff,form,Medical Oncology,PC4_0_TARGET_STATE_COMPLETION.md,Reconstructed target-state completion from supplied Part A/B and established requirements,Executable PC4 schema + API + role-scoped UI + persistence/version lifecycle
SCR-CMP-007,C.23 Treatment Completion,Treatment Summary Distribution & Acknowledgement,form,Medical Oncology,PC4_0_TARGET_STATE_COMPLETION.md,Reconstructed target-state completion from supplied Part A/B and established requirements,Executable PC4 schema + API + role-scoped UI + persistence/version lifecycle
SCR-SURV-001,C.24 Surveillance / Survivorship,Surveillance / Survivorship Worklist,worklist,Medical Oncology | Nurse Navigator,PC4_0_TARGET_STATE_COMPLETION.md,Reconstructed target-state completion from supplied Part A/B and established requirements,Executable PC4 schema + API + role-scoped UI + persistence/version lifecycle
SURV-001,C.24 Surveillance / Survivorship,Surveillance / Survivorship Worklist,named product/safety rule,Medical Oncology | Nurse Navigator,PC4_0_TARGET_STATE_COMPLETION.md,Reconstructed target-state completion from supplied Part A/B and established requirements,Attached to owning executable screen; source text visible in PRD viewer; enforced by generic lifecycle/RBAC and specific guards where machine-checkable
SCR-SURV-002,C.24 Surveillance / Survivorship,Surveillance Follow-up Visit,form,Medical Oncology | Nurse Navigator,PC4_0_TARGET_STATE_COMPLETION.md,Reconstructed target-state completion from supplied Part A/B and established requirements,Executable PC4 schema + API + role-scoped UI + persistence/version lifecycle
SURV-002,C.24 Surveillance / Survivorship,Surveillance Follow-up Visit,named product/safety rule,Medical Oncology | Nurse Navigator,PC4_0_TARGET_STATE_COMPLETION.md,Reconstructed target-state completion from supplied Part A/B and established requirements,Attached to owning executable screen; source text visible in PRD viewer; enforced by generic lifecycle/RBAC and specific guards where machine-checkable
SCR-SURV-003,C.24 Surveillance / Survivorship,Surveillance / Survivorship Care Plan,form,Medical Oncology | Nurse Navigator,PC4_0_TARGET_STATE_COMPLETION.md,Reconstructed target-state completion from supplied Part A/B and established requirements,Executable PC4 schema + API + role-scoped UI + persistence/version lifecycle
SURV-003,C.24 Surveillance / Survivorship,Surveillance / Survivorship Care Plan,named product/safety rule,Medical Oncology | Nurse Navigator,PC4_0_TARGET_STATE_COMPLETION.md,Reconstructed target-state completion from supplied Part A/B and established requirements,Attached to owning executable screen; source text visible in PRD viewer; enforced by generic lifecycle/RBAC and specific guards where machine-checkable
SCR-SURV-004,C.24 Surveillance / Survivorship,Surveillance Investigation Planner,form,Medical Oncology | Nurse Navigator,PC4_0_TARGET_STATE_COMPLETION.md,Reconstructed target-state completion from supplied Part A/B and established requirements,Executable PC4 schema + API + role-scoped UI + persistence/version lifecycle
SURV-004,C.24 Surveillance / Survivorship,Surveillance Investigation Planner,named product/safety rule,Medical Oncology | Nurse Navigator,PC4_0_TARGET_STATE_COMPLETION.md,Reconstructed target-state completion from supplied Part A/B and established requirements,Attached to owning executable screen; source text visible in PRD viewer; enforced by generic lifecycle/RBAC and specific guards where machine-checkable
SCR-SURV-005,C.24 Surveillance / Survivorship,Late Effects Register,worklist,Medical Oncology | Nurse Navigator,PC4_0_TARGET_STATE_COMPLETION.md,Reconstructed target-state completion from supplied Part A/B and established requirements,Executable PC4 schema + API + role-scoped UI + persistence/version lifecycle
SURV-005,C.24 Surveillance / Survivorship,Late Effects Register,named product/safety rule,Medical Oncology | Nurse Navigator,PC4_0_TARGET_STATE_COMPLETION.md,Reconstructed target-state completion from supplied Part A/B and established requirements,Attached to owning executable screen; source text visible in PRD viewer; enforced by generic lifecycle/RBAC and specific guards where machine-checkable
SCR-SURV-006,C.24 Surveillance / Survivorship,Patient Survivorship Care Plan,form,Medical Oncology | Nurse Navigator,PC4_0_TARGET_STATE_COMPLETION.md,Reconstructed target-state completion from supplied Part A/B and established requirements,Executable PC4 schema + API + role-scoped UI + persistence/version lifecycle
SURV-006,C.24 Surveillance / Survivorship,Patient Survivorship Care Plan,named product/safety rule,Medical Oncology | Nurse Navigator,PC4_0_TARGET_STATE_COMPLETION.md,Reconstructed target-state completion from supplied Part A/B and established requirements,Attached to owning executable screen; source text visible in PRD viewer; enforced by generic lifecycle/RBAC and specific guards where machine-checkable
SCR-SURV-007,C.24 Surveillance / Survivorship,Recurrence Suspicion / Re-entry,form,Medical Oncology | Nurse Navigator,PC4_0_TARGET_STATE_COMPLETION.md,Reconstructed target-state completion from supplied Part A/B and established requirements,Executable PC4 schema + API + role-scoped UI + persistence/version lifecycle
SURV-007,C.24 Surveillance / Survivorship,Recurrence Suspicion / Re-entry,named product/safety rule,Medical Oncology | Nurse Navigator,PC4_0_TARGET_STATE_COMPLETION.md,Reconstructed target-state completion from supplied Part A/B and established requirements,Attached to owning executable screen; source text visible in PRD viewer; enforced by generic lifecycle/RBAC and specific guards where machine-checkable
SCR-SURV-008,C.24 Surveillance / Survivorship,Lost-to-Follow-up / Recall Queue,worklist,Medical Oncology | Nurse Navigator,PC4_0_TARGET_STATE_COMPLETION.md,Reconstructed target-state completion from supplied Part A/B and established requirements,Executable PC4 schema + API + role-scoped UI + persistence/version lifecycle
SURV-008,C.24 Surveillance / Survivorship,Lost-to-Follow-up / Recall Queue,named product/safety rule,Medical Oncology | Nurse Navigator,PC4_0_TARGET_STATE_COMPLETION.md,Reconstructed target-state completion from supplied Part A/B and established requirements,Attached to owning executable screen; source text visible in PRD viewer; enforced by generic lifecycle/RBAC and specific guards where machine-checkable
SCR-SURV-009,C.24 Surveillance / Survivorship,Survivorship Referrals & Support,form,Medical Oncology | Nurse Navigator,PC4_0_TARGET_STATE_COMPLETION.md,Reconstructed target-state completion from supplied Part A/B and established requirements,Executable PC4 schema + API + role-scoped UI + persistence/version lifecycle
SURV-009,C.24 Surveillance / Survivorship,Survivorship Referrals & Support,named product/safety rule,Medical Oncology | Nurse Navigator,PC4_0_TARGET_STATE_COMPLETION.md,Reconstructed target-state completion from supplied Part A/B and established requirements,Attached to owning executable screen; source text visible in PRD viewer; enforced by generic lifecycle/RBAC and specific guards where machine-checkable
SCR-SURV-010,C.24 Surveillance / Survivorship,Surveillance Timeline / Dashboard,worklist,Medical Oncology | Nurse Navigator,PC4_0_TARGET_STATE_COMPLETION.md,Reconstructed target-state completion from supplied Part A/B and established requirements,Executable PC4 schema + API + role-scoped UI + persistence/version lifecycle
SURV-010,C.24 Surveillance / Survivorship,Surveillance Timeline / Dashboard,named product/safety rule,Medical Oncology | Nurse Navigator,PC4_0_TARGET_STATE_COMPLETION.md,Reconstructed target-state completion from supplied Part A/B and established requirements,Attached to owning executable screen; source text visible in PRD viewer; enforced by generic lifecycle/RBAC and specific guards where machine-checkable
SCR-FIN-001,C.25 Finance,Financial Counselling Worklist,worklist,Finance / Billing,PC4_0_TARGET_STATE_COMPLETION.md,Reconstructed target-state completion from supplied Part A/B and established requirements,Executable PC4 schema + API + role-scoped UI + persistence/version lifecycle
FIN-001,C.25 Finance,Financial Counselling Worklist,named product/safety rule,Finance / Billing,PC4_0_TARGET_STATE_COMPLETION.md,Reconstructed target-state completion from supplied Part A/B and established requirements,Attached to owning executable screen; source text visible in PRD viewer; enforced by generic lifecycle/RBAC and specific guards where machine-checkable
SCR-FIN-002,C.25 Finance,Payer / Policy Profile,form,Finance / Billing,PC4_0_TARGET_STATE_COMPLETION.md,Reconstructed target-state completion from supplied Part A/B and established requirements,Executable PC4 schema + API + role-scoped UI + persistence/version lifecycle
FIN-002,C.25 Finance,Payer / Policy Profile,named product/safety rule,Finance / Billing,PC4_0_TARGET_STATE_COMPLETION.md,Reconstructed target-state completion from supplied Part A/B and established requirements,Attached to owning executable screen; source text visible in PRD viewer; enforced by generic lifecycle/RBAC and specific guards where machine-checkable
SCR-FIN-003,C.25 Finance,Patient Estimate,form,Finance / Billing,PC4_0_TARGET_STATE_COMPLETION.md,Reconstructed target-state completion from supplied Part A/B and established requirements,Executable PC4 schema + API + role-scoped UI + persistence/version lifecycle
FIN-003,C.25 Finance,Patient Estimate,named product/safety rule,Finance / Billing,PC4_0_TARGET_STATE_COMPLETION.md,Reconstructed target-state completion from supplied Part A/B and established requirements,Attached to owning executable screen; source text visible in PRD viewer; enforced by generic lifecycle/RBAC and specific guards where machine-checkable
SCR-FIN-004,C.25 Finance,Treatment Costing / Drug Estimate,form,Finance / Billing,PC4_0_TARGET_STATE_COMPLETION.md,Reconstructed target-state completion from supplied Part A/B and established requirements,Executable PC4 schema + API + role-scoped UI + persistence/version lifecycle
FIN-004,C.25 Finance,Treatment Costing / Drug Estimate,named product/safety rule,Finance / Billing,PC4_0_TARGET_STATE_COMPLETION.md,Reconstructed target-state completion from supplied Part A/B and established requirements,Attached to owning executable screen; source text visible in PRD viewer; enforced by generic lifecycle/RBAC and specific guards where machine-checkable
SCR-FIN-005,C.25 Finance,Preauthorisation Request,form,Finance / Billing,PC4_0_TARGET_STATE_COMPLETION.md,Reconstructed target-state completion from supplied Part A/B and established requirements,Executable PC4 schema + API + role-scoped UI + persistence/version lifecycle
FIN-005,C.25 Finance,Preauthorisation Request,named product/safety rule,Finance / Billing,PC4_0_TARGET_STATE_COMPLETION.md,Reconstructed target-state completion from supplied Part A/B and established requirements,Attached to owning executable screen; source text visible in PRD viewer; enforced by generic lifecycle/RBAC and specific guards where machine-checkable
SCR-FIN-006,C.25 Finance,Query / Denial / Appeal Queue,worklist,Finance / Billing,PC4_0_TARGET_STATE_COMPLETION.md,Reconstructed target-state completion from supplied Part A/B and established requirements,Executable PC4 schema + API + role-scoped UI + persistence/version lifecycle
FIN-006,C.25 Finance,Query / Denial / Appeal Queue,named product/safety rule,Finance / Billing,PC4_0_TARGET_STATE_COMPLETION.md,Reconstructed target-state completion from supplied Part A/B and established requirements,Attached to owning executable screen; source text visible in PRD viewer; enforced by generic lifecycle/RBAC and specific guards where machine-checkable
SCR-FIN-007,C.25 Finance,Deposit / Payment Receipt,form,Finance / Billing,PC4_0_TARGET_STATE_COMPLETION.md,Reconstructed target-state completion from supplied Part A/B and established requirements,Executable PC4 schema + API + role-scoped UI + persistence/version lifecycle
FIN-007,C.25 Finance,Deposit / Payment Receipt,named product/safety rule,Finance / Billing,PC4_0_TARGET_STATE_COMPLETION.md,Reconstructed target-state completion from supplied Part A/B and established requirements,Attached to owning executable screen; source text visible in PRD viewer; enforced by generic lifecycle/RBAC and specific guards where machine-checkable
SCR-FIN-008,C.25 Finance,Billable Event / Charge Capture,form,Finance / Billing,PC4_0_TARGET_STATE_COMPLETION.md,Reconstructed target-state completion from supplied Part A/B and established requirements,Executable PC4 schema + API + role-scoped UI + persistence/version lifecycle
FIN-008,C.25 Finance,Billable Event / Charge Capture,named product/safety rule,Finance / Billing,PC4_0_TARGET_STATE_COMPLETION.md,Reconstructed target-state completion from supplied Part A/B and established requirements,Attached to owning executable screen; source text visible in PRD viewer; enforced by generic lifecycle/RBAC and specific guards where machine-checkable
SCR-FIN-009,C.25 Finance,Package / Contract Rule Application,form,Finance / Billing,PC4_0_TARGET_STATE_COMPLETION.md,Reconstructed target-state completion from supplied Part A/B and established requirements,Executable PC4 schema + API + role-scoped UI + persistence/version lifecycle
FIN-009,C.25 Finance,Package / Contract Rule Application,named product/safety rule,Finance / Billing,PC4_0_TARGET_STATE_COMPLETION.md,Reconstructed target-state completion from supplied Part A/B and established requirements,Attached to owning executable screen; source text visible in PRD viewer; enforced by generic lifecycle/RBAC and specific guards where machine-checkable
SCR-FIN-010,C.25 Finance,High-Cost Drug / Special Approval,form,Finance / Billing,PC4_0_TARGET_STATE_COMPLETION.md,Reconstructed target-state completion from supplied Part A/B and established requirements,Executable PC4 schema + API + role-scoped UI + persistence/version lifecycle
FIN-010,C.25 Finance,High-Cost Drug / Special Approval,named product/safety rule,Finance / Billing,PC4_0_TARGET_STATE_COMPLETION.md,Reconstructed target-state completion from supplied Part A/B and established requirements,Attached to owning executable screen; source text visible in PRD viewer; enforced by generic lifecycle/RBAC and specific guards where machine-checkable
SCR-FIN-011,C.25 Finance,Financial Counselling Note,form,Finance / Billing,PC4_0_TARGET_STATE_COMPLETION.md,Reconstructed target-state completion from supplied Part A/B and established requirements,Executable PC4 schema + API + role-scoped UI + persistence/version lifecycle
FIN-011,C.25 Finance,Financial Counselling Note,named product/safety rule,Finance / Billing,PC4_0_TARGET_STATE_COMPLETION.md,Reconstructed target-state completion from supplied Part A/B and established requirements,Attached to owning executable screen; source text visible in PRD viewer; enforced by generic lifecycle/RBAC and specific guards where machine-checkable
SCR-FIN-012,C.25 Finance,Claim Tracking Queue,worklist,Finance / Billing,PC4_0_TARGET_STATE_COMPLETION.md,Reconstructed target-state completion from supplied Part A/B and established requirements,Executable PC4 schema + API + role-scoped UI + persistence/version lifecycle
FIN-012,C.25 Finance,Claim Tracking Queue,named product/safety rule,Finance / Billing,PC4_0_TARGET_STATE_COMPLETION.md,Reconstructed target-state completion from supplied Part A/B and established requirements,Attached to owning executable screen; source text visible in PRD viewer; enforced by generic lifecycle/RBAC and specific guards where machine-checkable
SCR-FIN-013,C.25 Finance,Refund / Credit Note,form,Finance / Billing,PC4_0_TARGET_STATE_COMPLETION.md,Reconstructed target-state completion from supplied Part A/B and established requirements,Executable PC4 schema + API + role-scoped UI + persistence/version lifecycle
FIN-013,C.25 Finance,Refund / Credit Note,named product/safety rule,Finance / Billing,PC4_0_TARGET_STATE_COMPLETION.md,Reconstructed target-state completion from supplied Part A/B and established requirements,Attached to owning executable screen; source text visible in PRD viewer; enforced by generic lifecycle/RBAC and specific guards where machine-checkable
SCR-FIN-014,C.25 Finance,Finance Operations Dashboard,worklist,Finance / Billing,PC4_0_TARGET_STATE_COMPLETION.md,Reconstructed target-state completion from supplied Part A/B and established requirements,Executable PC4 schema + API + role-scoped UI + persistence/version lifecycle
FIN-014,C.25 Finance,Finance Operations Dashboard,named product/safety rule,Finance / Billing,PC4_0_TARGET_STATE_COMPLETION.md,Reconstructed target-state completion from supplied Part A/B and established requirements,Attached to owning executable screen; source text visible in PRD viewer; enforced by generic lifecycle/RBAC and specific guards where machine-checkable
SCR-ADM-001,C.26 Administration,"User, Role & Permission Administration",form,Hospital Management / Admin,PC4_0_TARGET_STATE_COMPLETION.md,Reconstructed target-state completion from supplied Part A/B and established requirements,Executable PC4 schema + API + role-scoped UI + persistence/version lifecycle
ADM-001,C.26 Administration,"User, Role & Permission Administration",named product/safety rule,Hospital Management / Admin,PC4_0_TARGET_STATE_COMPLETION.md,Reconstructed target-state completion from supplied Part A/B and established requirements,Attached to owning executable screen; source text visible in PRD viewer; enforced by generic lifecycle/RBAC and specific guards where machine-checkable
SCR-ADM-002,C.26 Administration,Facility / Location Master,form,Hospital Management / Admin,PC4_0_TARGET_STATE_COMPLETION.md,Reconstructed target-state completion from supplied Part A/B and established requirements,Executable PC4 schema + API + role-scoped UI + persistence/version lifecycle
ADM-002,C.26 Administration,Facility / Location Master,named product/safety rule,Hospital Management / Admin,PC4_0_TARGET_STATE_COMPLETION.md,Reconstructed target-state completion from supplied Part A/B and established requirements,Attached to owning executable screen; source text visible in PRD viewer; enforced by generic lifecycle/RBAC and specific guards where machine-checkable
SCR-ADM-003,C.26 Administration,Department / Service Master,form,Hospital Management / Admin,PC4_0_TARGET_STATE_COMPLETION.md,Reconstructed target-state completion from supplied Part A/B and established requirements,Executable PC4 schema + API + role-scoped UI + persistence/version lifecycle
ADM-003,C.26 Administration,Department / Service Master,named product/safety rule,Hospital Management / Admin,PC4_0_TARGET_STATE_COMPLETION.md,Reconstructed target-state completion from supplied Part A/B and established requirements,Attached to owning executable screen; source text visible in PRD viewer; enforced by generic lifecycle/RBAC and specific guards where machine-checkable
SCR-ADM-004,C.26 Administration,Clinician / Roster Master,form,Hospital Management / Admin,PC4_0_TARGET_STATE_COMPLETION.md,Reconstructed target-state completion from supplied Part A/B and established requirements,Executable PC4 schema + API + role-scoped UI + persistence/version lifecycle
ADM-004,C.26 Administration,Clinician / Roster Master,named product/safety rule,Hospital Management / Admin,PC4_0_TARGET_STATE_COMPLETION.md,Reconstructed target-state completion from supplied Part A/B and established requirements,Attached to owning executable screen; source text visible in PRD viewer; enforced by generic lifecycle/RBAC and specific guards where machine-checkable
SCR-ADM-005,C.26 Administration,Regimen Master,form,Hospital Management / Admin,PC4_0_TARGET_STATE_COMPLETION.md,Reconstructed target-state completion from supplied Part A/B and established requirements,Executable PC4 schema + API + role-scoped UI + persistence/version lifecycle
ADM-005,C.26 Administration,Regimen Master,named product/safety rule,Hospital Management / Admin,PC4_0_TARGET_STATE_COMPLETION.md,Reconstructed target-state completion from supplied Part A/B and established requirements,Attached to owning executable screen; source text visible in PRD viewer; enforced by generic lifecycle/RBAC and specific guards where machine-checkable
SCR-ADM-006,C.26 Administration,Formulary Master,form,Hospital Management / Admin,PC4_0_TARGET_STATE_COMPLETION.md,Reconstructed target-state completion from supplied Part A/B and established requirements,Executable PC4 schema + API + role-scoped UI + persistence/version lifecycle
ADM-006,C.26 Administration,Formulary Master,named product/safety rule,Hospital Management / Admin,PC4_0_TARGET_STATE_COMPLETION.md,Reconstructed target-state completion from supplied Part A/B and established requirements,Attached to owning executable screen; source text visible in PRD viewer; enforced by generic lifecycle/RBAC and specific guards where machine-checkable
SCR-ADM-007,C.26 Administration,Treatment Readiness Rule Master,form,Hospital Management / Admin,PC4_0_TARGET_STATE_COMPLETION.md,Reconstructed target-state completion from supplied Part A/B and established requirements,Executable PC4 schema + API + role-scoped UI + persistence/version lifecycle
ADM-007,C.26 Administration,Treatment Readiness Rule Master,named product/safety rule,Hospital Management / Admin,PC4_0_TARGET_STATE_COMPLETION.md,Reconstructed target-state completion from supplied Part A/B and established requirements,Attached to owning executable screen; source text visible in PRD viewer; enforced by generic lifecycle/RBAC and specific guards where machine-checkable
SCR-ADM-008,C.26 Administration,Dose Modification & Rounding Rule Master,form,Hospital Management / Admin,PC4_0_TARGET_STATE_COMPLETION.md,Reconstructed target-state completion from supplied Part A/B and established requirements,Executable PC4 schema + API + role-scoped UI + persistence/version lifecycle
ADM-008,C.26 Administration,Dose Modification & Rounding Rule Master,named product/safety rule,Hospital Management / Admin,PC4_0_TARGET_STATE_COMPLETION.md,Reconstructed target-state completion from supplied Part A/B and established requirements,Attached to owning executable screen; source text visible in PRD viewer; enforced by generic lifecycle/RBAC and specific guards where machine-checkable
SCR-ADM-009,C.26 Administration,Laboratory Catalogue & Unit Master,form,Hospital Management / Admin,PC4_0_TARGET_STATE_COMPLETION.md,Reconstructed target-state completion from supplied Part A/B and established requirements,Executable PC4 schema + API + role-scoped UI + persistence/version lifecycle
ADM-009,C.26 Administration,Laboratory Catalogue & Unit Master,named product/safety rule,Hospital Management / Admin,PC4_0_TARGET_STATE_COMPLETION.md,Reconstructed target-state completion from supplied Part A/B and established requirements,Attached to owning executable screen; source text visible in PRD viewer; enforced by generic lifecycle/RBAC and specific guards where machine-checkable
SCR-ADM-010,C.26 Administration,Radiology Catalogue / Protocol Master,form,Hospital Management / Admin,PC4_0_TARGET_STATE_COMPLETION.md,Reconstructed target-state completion from supplied Part A/B and established requirements,Executable PC4 schema + API + role-scoped UI + persistence/version lifecycle
ADM-010,C.26 Administration,Radiology Catalogue / Protocol Master,named product/safety rule,Hospital Management / Admin,PC4_0_TARGET_STATE_COMPLETION.md,Reconstructed target-state completion from supplied Part A/B and established requirements,Attached to owning executable screen; source text visible in PRD viewer; enforced by generic lifecycle/RBAC and specific guards where machine-checkable
SCR-ADM-011,C.26 Administration,RT Template / OAR Constraint Master,form,Hospital Management / Admin,PC4_0_TARGET_STATE_COMPLETION.md,Reconstructed target-state completion from supplied Part A/B and established requirements,Executable PC4 schema + API + role-scoped UI + persistence/version lifecycle
ADM-011,C.26 Administration,RT Template / OAR Constraint Master,named product/safety rule,Hospital Management / Admin,PC4_0_TARGET_STATE_COMPLETION.md,Reconstructed target-state completion from supplied Part A/B and established requirements,Attached to owning executable screen; source text visible in PRD viewer; enforced by generic lifecycle/RBAC and specific guards where machine-checkable
SCR-ADM-012,C.26 Administration,Surgery Procedure / Template Master,form,Hospital Management / Admin,PC4_0_TARGET_STATE_COMPLETION.md,Reconstructed target-state completion from supplied Part A/B and established requirements,Executable PC4 schema + API + role-scoped UI + persistence/version lifecycle
ADM-012,C.26 Administration,Surgery Procedure / Template Master,named product/safety rule,Hospital Management / Admin,PC4_0_TARGET_STATE_COMPLETION.md,Reconstructed target-state completion from supplied Part A/B and established requirements,Attached to owning executable screen; source text visible in PRD viewer; enforced by generic lifecycle/RBAC and specific guards where machine-checkable
SCR-ADM-013,C.26 Administration,Pathology Synoptic Template Master,form,Hospital Management / Admin,PC4_0_TARGET_STATE_COMPLETION.md,Reconstructed target-state completion from supplied Part A/B and established requirements,Executable PC4 schema + API + role-scoped UI + persistence/version lifecycle
ADM-013,C.26 Administration,Pathology Synoptic Template Master,named product/safety rule,Hospital Management / Admin,PC4_0_TARGET_STATE_COMPLETION.md,Reconstructed target-state completion from supplied Part A/B and established requirements,Attached to owning executable screen; source text visible in PRD viewer; enforced by generic lifecycle/RBAC and specific guards where machine-checkable
SCR-ADM-014,C.26 Administration,Consent / Document Template Master,form,Hospital Management / Admin,PC4_0_TARGET_STATE_COMPLETION.md,Reconstructed target-state completion from supplied Part A/B and established requirements,Executable PC4 schema + API + role-scoped UI + persistence/version lifecycle
ADM-014,C.26 Administration,Consent / Document Template Master,named product/safety rule,Hospital Management / Admin,PC4_0_TARGET_STATE_COMPLETION.md,Reconstructed target-state completion from supplied Part A/B and established requirements,Attached to owning executable screen; source text visible in PRD viewer; enforced by generic lifecycle/RBAC and specific guards where machine-checkable
SCR-ADM-015,C.26 Administration,Value Set / Terminology Master,form,Hospital Management / Admin,PC4_0_TARGET_STATE_COMPLETION.md,Reconstructed target-state completion from supplied Part A/B and established requirements,Executable PC4 schema + API + role-scoped UI + persistence/version lifecycle
ADM-015,C.26 Administration,Value Set / Terminology Master,named product/safety rule,Hospital Management / Admin,PC4_0_TARGET_STATE_COMPLETION.md,Reconstructed target-state completion from supplied Part A/B and established requirements,Attached to owning executable screen; source text visible in PRD viewer; enforced by generic lifecycle/RBAC and specific guards where machine-checkable
SCR-ADM-016,C.26 Administration,Unit / Normalisation Master,form,Hospital Management / Admin,PC4_0_TARGET_STATE_COMPLETION.md,Reconstructed target-state completion from supplied Part A/B and established requirements,Executable PC4 schema + API + role-scoped UI + persistence/version lifecycle
ADM-016,C.26 Administration,Unit / Normalisation Master,named product/safety rule,Hospital Management / Admin,PC4_0_TARGET_STATE_COMPLETION.md,Reconstructed target-state completion from supplied Part A/B and established requirements,Attached to owning executable screen; source text visible in PRD viewer; enforced by generic lifecycle/RBAC and specific guards where machine-checkable
SCR-ADM-017,C.26 Administration,Alert / Escalation Rule Master,form,Hospital Management / Admin,PC4_0_TARGET_STATE_COMPLETION.md,Reconstructed target-state completion from supplied Part A/B and established requirements,Executable PC4 schema + API + role-scoped UI + persistence/version lifecycle
ADM-017,C.26 Administration,Alert / Escalation Rule Master,named product/safety rule,Hospital Management / Admin,PC4_0_TARGET_STATE_COMPLETION.md,Reconstructed target-state completion from supplied Part A/B and established requirements,Attached to owning executable screen; source text visible in PRD viewer; enforced by generic lifecycle/RBAC and specific guards where machine-checkable
SCR-ADM-018,C.26 Administration,"Configuration Version, Audit & Release Manager",form,Hospital Management / Admin,PC4_0_TARGET_STATE_COMPLETION.md,Reconstructed target-state completion from supplied Part A/B and established requirements,Executable PC4 schema + API + role-scoped UI + persistence/version lifecycle
ADM-018,C.26 Administration,"Configuration Version, Audit & Release Manager",named product/safety rule,Hospital Management / Admin,PC4_0_TARGET_STATE_COMPLETION.md,Reconstructed target-state completion from supplied Part A/B and established requirements,Attached to owning executable screen; source text visible in PRD viewer; enforced by generic lifecycle/RBAC and specific guards where machine-checkable
